idx,open,high,low,close,pre_close,news,vol
0,14.35,14.59,13.74,13.92,14.54,-1,1835406.16
1,13.9,14.31,13.38,13.75,13.92,1,1982826.26
2,13.98,13.99,12.79,13.07,13.75,1,2597458.2
3,14.3,14.31,13.29,13.88,13.07,1,3381526.67
4,13.66,14.65,13.21,14.65,13.88,1,4808311.89
5,13.81,14,13.19,13.19,14.65,1,4996696.94
6,13.19,14.44,12.11,14.26,13.19,1,4344355.42
7,13.85,15.36,13.61,14.86,14.26,1,4650987.78
8,14.4,14.89,14.12,14.44,14.86,1,3268196.05
9,14.2,14.38,13.51,13.87,14.44,1,2580229.55
10,13.66,13.96,13.4,13.58,13.87,1,1626423.18
11,13.6,13.76,13.42,13.6,13.58,1,1388939.85
12,13.66,13.94,13.53,13.82,13.6,1,1680637.66
13,13.8,13.8,13.53,13.6,13.82,1,1358683.08
14,13.51,13.64,13.38,13.57,13.6,1,1131643.52
15,13.49,13.54,13.34,13.52,13.57,1,1138090.62
16,13.46,13.75,13.41,13.67,13.52,1,1483696.14
17,13.68,13.7,13.32,13.38,13.67,1,1339309.97
18,13.25,13.32,12.04,12.44,13.38,1,1787859.18
19,12.19,12.76,12.15,12.62,12.44,1,2011200.81
20,12.6,12.62,12.38,12.6,12.62,1,971682.92
21,12.61,12.64,12.23,12.26,12.6,1,770278.94
22,12.16,12.42,12.02,12.36,12.26,1,1202746.87
23,12.2,12.85,12.15,12.82,12.36,1,1405122.71
24,12.77,12.99,12.59,12.86,12.82,1,774937.58
25,12.8,12.95,12.57,12.59,12.86,1,551802.37
26,12.5,12.73,12.43,12.53,12.59,1,450218.45
27,12.61,12.72,12.54,12.61,12.53,1,622010.3
28,12.66,12.99,12.55,12.92,12.61,1,1053111.95
29,12.91,12.95,12.79,12.84,12.92,1,828493.36
30,12.69,12.77,12.56,12.57,12.84,1,686822.07
31,12.51,12.67,12.42,12.57,12.57,1,606344.41
32,12.69,12.75,12.58,12.64,12.57,-1,823789.29
33,12.61,12.69,12.45,12.54,12.64,1,679642.57
34,12.5,12.74,11.95,12.27,12.54,1,1176324.41
35,12.1,12.23,11.9,12.23,12.27,-1,958894.23
36,12.17,12.17,11.9,12.05,12.23,-1,677634.39
37,11.9,11.99,11.46,11.5,12.05,-1,933367.84
38,11.1,11.17,10.35,10.35,11.5,-1,1518029.68
39,9.85,10.35,9.32,9.46,10.35,1,2192333.75
40,9.6,10.23,9.3,9.91,9.46,1,2491919.59
41,10.16,10.9,9.86,10.8,9.91,1,1849235.65
42,10.89,11.09,10.55,10.83,10.8,1,1608029.69
43,10.71,11.07,10.48,11.07,10.83,1,1464297.25
44,10.9,11.61,10.61,11.57,11.07,1,2657661.35
45,11.18,12,11.06,11.84,11.57,1,2815746.76
46,11.55,11.56,10.89,10.89,11.84,1,1376110.64
47,10.88,11.15,10.59,11,10.89,1,747292.45
48,11.03,11.19,10.88,11.1,11,1,851073.89
49,11,11.18,10.94,11.05,11.1,1,465205.63
50,11.02,11.12,10.88,10.96,11.05,1,426450.78
51,10.99,11,10.45,10.87,10.96,1,756452.73
52,10.69,10.85,10.5,10.57,10.87,1,542839
53,10.59,11.08,10.52,10.9,10.57,1,569243.77
54,10.85,11.14,10.77,10.77,10.9,1,620798.54
55,10.84,10.96,10.73,10.81,10.77,1,318272.82
56,10.7,10.89,10.65,10.82,10.81,1,386111.11
57,10.83,11.06,10.82,10.96,10.82,1,492955.6
58,10.86,10.91,10.68,10.7,10.96,1,371150.84
59,10.76,10.81,10.67,10.71,10.7,1,258632.55
60,10.69,10.71,10.45,10.55,10.71,1,446420.6
61,10.56,10.59,10.43,10.53,10.55,1,199087.27
62,10.45,10.56,10.32,10.38,10.53,1,333603.56
63,10.4,10.59,10.39,10.49,10.38,-1,364659.73
64,10.85,10.89,10.7,10.7,10.49,1,494070.85
65,10.75,10.95,10.72,10.9,10.7,1,474612.06
66,10.96,11.38,10.91,11.23,10.9,-1,849665.15
67,11.2,11.26,11.09,11.13,11.23,1,359798.19
68,11.04,11.15,10.94,10.98,11.13,1,418980.65
69,10.95,11.17,10.94,11.17,10.98,1,485900.5
70,11.21,11.3,11.16,11.23,11.17,1,570001.45
71,11.27,11.35,11.15,11.26,11.23,1,723371.53
72,11.2,11.38,11.19,11.32,11.26,-1,715163.28
73,11.29,11.75,11.18,11.22,11.32,-1,1332629.04
74,11.25,11.4,11.18,11.33,11.22,1,822805.73
75,11.39,11.53,11.34,11.47,11.33,1,937425.11
76,11.6,11.81,11.44,11.52,11.47,-1,1085917.54
77,11.5,11.64,11.34,11.48,11.52,-1,580436.37
78,11.46,11.48,11.25,11.27,11.48,1,544811.17
79,11.3,11.36,11.25,11.27,11.27,1,316703.68
80,11.3,11.42,11.27,11.36,11.27,1,535930.72
81,11.27,11.32,11.1,11.14,11.36,1,484435.81
82,11.15,11.21,11.01,11.05,11.14,1,391265.18
83,11.08,11.7,11.05,11.69,11.05,1,1307244.19
84,11.6,12.57,11.55,12.07,11.69,1,2292189.8
85,12.02,12.41,11.92,12.39,12.07,1,1463194.95
86,12.5,13.38,12.46,12.94,12.39,1,2413887.79
87,12.8,13.07,12.61,12.75,12.94,1,1125027.63
88,12.7,12.78,12.38,12.55,12.75,-1,1021735.07
89,12.6,12.65,12.28,12.4,12.55,-1,671139.62
90,12.22,12.48,12.19,12.24,12.4,1,587555.04
91,12.13,12.39,12.09,12.34,12.24,1,559848.71
92,12.41,12.7,12.36,12.5,12.34,1,1046486.56
93,12.46,12.7,12.31,12.42,12.5,1,793704.76
94,12.4,12.51,12.33,12.5,12.42,1,471120.67
95,12.5,12.59,12.42,12.55,12.5,1,598036.34
96,12.55,12.6,12.38,12.45,12.55,1,607975.31
97,12.41,12.45,12.16,12.28,12.45,1,664214.78
98,12.21,12.37,12.17,12.32,12.28,1,513462.72
99,12.36,12.38,12.2,12.23,12.32,1,552210.15
100,12.18,12.2,11.53,11.73,12.23,1,728025.94
101,11.72,11.87,11.5,11.74,11.73,1,658493.89
102,11.7,11.86,11.51,11.75,11.74,1,680253.9
103,11.7,12.64,11.66,12.51,11.75,1,1615760.86
104,12.39,12.75,12.25,12.45,12.51,1,1425976.78
105,12.31,12.38,12.08,12.12,12.45,1,764532.45
106,12.18,12.25,12.04,12.15,12.12,1,402792.65
107,12.07,12.09,11.9,11.96,12.15,1,503101.79
108,11.92,12.12,11.9,11.99,11.96,1,429384.35
109,11.95,12.14,11.91,11.96,11.99,1,417603.58
110,11.91,11.92,11.73,11.83,11.96,-1,379508.03
111,11.73,12.11,11.71,12.07,11.83,-1,587236.64
112,12.03,12.09,11.86,11.92,12.07,-1,364487.35
113,11.98,12.01,11.88,11.89,11.92,-1,392762.82
114,11.97,12.14,11.96,12.07,11.89,1,648274.75
115,12.03,12.55,12.02,12.23,12.07,1,1022944.74
116,12.14,12.72,12.11,12.51,12.23,1,1281142.13
117,12.5,12.62,12.38,12.43,12.51,1,698091.45
118,12.47,12.78,12.4,12.48,12.43,1,1039018.23
119,12.46,12.56,12.24,12.34,12.48,1,640229.64
120,12.38,12.47,12.33,12.41,12.34,1,399845.05
121,12.43,12.46,11.98,11.98,12.41,1,822408.63
122,11.99,12.1,11.97,12.09,11.98,1,619802.14
123,12.09,12.11,11.95,12.1,12.09,1,532667.04
124,12.1,12.13,11.98,11.99,12.1,1,491258.92
125,12,12.03,11.23,11.33,11.99,1,563497.87
126,11.27,11.57,11.15,11.4,11.33,1,663269.95
127,11.42,11.56,11.39,11.53,11.4,1,515706.44
128,11.41,11.41,10.91,10.94,11.53,1,174761.1
129,11.21,11.29,10.9,11.12,10.94,1,747527.58
130,11,11.08,10.68,10.76,11.12,1,732013.99
131,10.83,10.91,10.64,10.81,10.76,1,561642.3
132,10.89,10.94,10.7,10.71,10.81,1,391709.48
133,10.59,10.8,10.48,10.77,10.71,1,666314.54
134,10.66,10.8,10.42,10.46,10.77,-1,448202.14
135,10.34,10.56,10.3,10.41,10.46,-1,421040.88
136,10.45,10.78,10.41,10.71,10.41,-1,501109.08
137,10.7,10.8,10.44,10.54,10.71,1,603752.5
138,10.48,10.75,10.32,10.32,10.54,1,606145.11
139,10.4,10.45,10.22,10.4,10.32,-1,466752.14
140,10.4,10.44,10.33,10.37,10.4,1,376431.72
141,10.32,10.32,9.86,9.87,10.37,1,647901.14
142,9.93,9.98,9.6,9.88,9.87,1,569037.05
143,9.82,9.89,9.65,9.69,9.88,1,302540.78
144,9.74,10.08,9.69,10,9.69,1,544435.76
145,9.98,10.01,9.74,9.8,10,-1,417732.14
146,9.8,10.03,9.78,9.95,9.8,1,369104.16
147,9.85,9.89,9.77,9.85,9.95,-1,274572.17
148,9.89,10,9.88,9.95,9.85,1,373099.47
149,9.96,9.97,9.91,9.92,9.95,1,270893.34
150,9.66,9.85,9.65,9.79,9.92,1,278499.46
151,9.84,10.03,9.83,10.01,9.79,1,428386.38
152,10.03,10.22,9.99,10.15,10.01,-1,585167.06
153,10.18,10.22,10.09,10.09,10.15,-1,406178.24
154,10.09,10.14,9.99,10.04,10.09,1,318898.25
155,10.13,10.31,10.06,10.29,10.04,1,617739.45
156,10.29,10.29,10.05,10.12,10.29,1,425874.37
157,10.06,10.15,10.01,10.15,10.12,1,300103.6
158,10.12,10.13,9.6,9.67,10.15,1,622072.84
159,9.77,9.83,9.66,9.79,9.67,-1,392154.41
160,9.79,9.81,9.42,9.56,9.79,1,566896.39
161,9.62,9.77,9.58,9.7,9.56,1,377910.8
162,9.75,10.13,9.72,10.1,9.7,1,676613.73
163,10.09,10.18,10.04,10.11,10.1,1,553089.4
164,10.09,10.5,10.07,10.4,10.11,1,1381249.07
165,10.35,10.49,10.3,10.34,10.4,1,606352.97
166,10.36,10.36,9.94,10.28,10.34,1,643156.46
167,10.14,10.22,10.04,10.17,10.28,1,325900.65
168,10.24,10.35,10.13,10.15,10.17,1,474020.3
169,10.1,10.22,10.04,10.16,10.15,1,383736.72
170,10.21,10.46,10.21,10.26,10.16,1,655158.22
171,10.28,10.36,10.16,10.32,10.26,1,417920.37
172,10.27,10.45,10.25,10.35,10.32,1,664886.2
173,10.36,10.48,10.3,10.42,10.35,1,610996.38
174,10.42,10.57,10.4,10.54,10.42,-1,797215.81
175,10.55,10.86,10.55,10.8,10.54,1,920432.81
176,10.77,10.94,10.69,10.72,10.8,1,625482.48
177,10.71,10.77,10.61,10.7,10.72,-1,430278.16
178,10.61,10.63,10.5,10.52,10.7,-1,372406.24
179,10.51,10.6,10.5,10.59,10.52,1,237070.49
180,10.62,10.65,10.45,10.48,10.59,1,358621.01
181,10.51,10.52,10.38,10.43,10.48,1,318317.87
182,10.48,10.7,10.47,10.7,10.43,1,539699.98
183,10.71,10.75,10.64,10.64,10.7,1,418387.92
184,10.62,10.69,10.5,10.66,10.64,1,369341.88
185,10.62,10.81,10.5,10.7,10.66,1,592308.64
186,10.68,10.75,10.61,10.72,10.7,1,435259.54
187,10.72,10.73,10.59,10.59,10.72,1,377719.59
188,10.55,10.67,10.5,10.57,10.59,1,376553.86
189,10.6,10.8,10.6,10.72,10.57,-1,786386.02
190,10.7,10.71,10.62,10.67,10.72,1,298599.54
191,10.73,10.97,10.71,10.81,10.67,1,856760.36
192,10.88,10.9,10.79,10.84,10.81,1,323646.3
193,10.84,10.94,10.8,10.88,10.84,1,497224.04
194,10.82,10.85,10.73,10.73,10.88,1,350654.01
195,10.77,10.81,10.71,10.77,10.73,1,218239.94
196,10.77,10.78,10.36,10.52,10.77,1,606586.25
197,10.52,10.63,10.45,10.51,10.52,1,558799.2
198,10.46,10.62,10.41,10.55,10.51,1,359677.12
199,10.56,10.56,10.42,10.5,10.55,-1,349257.75
200,10.48,10.6,10.46,10.59,10.5,1,291699.38
201,10.58,10.61,10.52,10.57,10.59,1,239553.93
202,10.58,10.76,10.54,10.66,10.57,1,457460.41
203,10.64,10.64,10.55,10.57,10.66,1,404977.67
204,10.58,10.72,10.52,10.68,10.57,1,489102.1
205,10.68,10.75,10.66,10.72,10.68,-1,412435.59
206,10.69,10.72,10.65,10.72,10.72,1,239516.83
207,10.73,10.73,10.52,10.52,10.72,-1,346545.14
208,10.5,10.53,10.32,10.35,10.52,1,411171.02
209,10.34,10.37,10.27,10.28,10.35,1,292599.78
210,10.3,10.44,10.3,10.37,10.28,1,327289.51
211,10.31,10.4,10.25,10.38,10.37,-1,325885.5
212,10.35,10.4,10.33,10.35,10.38,-1,184266.11
213,10.32,10.36,10.25,10.36,10.35,-1,215224.68
214,10.36,10.37,10.24,10.3,10.36,1,250424.22
215,10.29,10.32,10.17,10.3,10.3,1,534150.62
216,10.27,10.32,10.25,10.25,10.3,1,170777.76
217,10.24,10.33,10.19,10.3,10.25,1,206703.77
218,10.33,10.34,10.25,10.28,10.3,1,323646.76
219,10.27,10.28,10.19,10.21,10.28,1,259294.04
220,10.25,10.28,10.19,10.23,10.21,1,204235.4
221,10.22,10.27,10.17,10.22,10.23,1,261396.53
222,10.22,10.29,10.19,10.27,10.22,-1,222818.92
223,10.25,10.28,10.2,10.28,10.27,1,380946.87
224,10.26,10.57,10.26,10.55,10.28,1,946467.16
225,10.51,10.55,10.44,10.48,10.55,-1,556750.91
226,10.47,10.48,10.42,10.46,10.48,1,293036.22
227,10.47,10.52,10.41,10.5,10.46,-1,423389.29
228,10.51,10.53,10.45,10.51,10.5,1,338332.01
229,10.52,10.53,10.48,10.52,10.51,1,229282.15
230,10.54,10.54,10.46,10.5,10.52,1,268188.24
231,10.46,10.47,10.33,10.33,10.5,1,344816.83
232,10.34,10.41,10.32,10.4,10.33,1,273637.26
233,10.33,10.48,10.32,10.44,10.4,1,378172.41
234,8.57,8.6,8.53,8.57,8.57,-1,386670.08
235,8.57,8.61,8.54,8.58,8.57,1,315173
236,8.59,8.6,8.56,8.6,8.58,1,270731.58
237,8.61,8.65,8.58,8.61,8.6,-1,380749.85
238,8.6,8.73,8.58,8.73,8.61,-1,478002.01
239,8.67,8.7,8.63,8.66,8.73,1,335614.22
240,8.64,8.7,8.52,8.57,8.66,1,427664.09
241,8.57,8.64,8.54,8.61,8.57,1,325214.18
242,8.58,8.64,8.56,8.63,8.61,1,336519.28
243,8.63,8.69,8.62,8.69,8.63,1,369611.56
244,8.69,8.74,8.66,8.7,8.69,1,362204.87
245,8.69,8.73,8.68,8.71,8.7,1,348930.19
246,8.69,8.86,8.67,8.81,8.71,1,608257.12
247,8.8,8.83,8.77,8.81,8.81,1,422037.29
248,8.8,8.82,8.76,8.79,8.81,1,322950.17
249,8.79,8.8,8.74,8.78,8.79,1,312853.08
250,8.79,8.79,8.73,8.74,8.78,1,261342.29
251,8.75,8.79,8.74,8.75,8.74,1,365372.52
252,8.75,8.89,8.74,8.88,8.75,1,711832.4
253,8.88,9.05,8.86,8.99,8.88,1,798288.64
254,8.97,9,8.91,8.94,8.99,1,359699.39
255,8.95,9,8.91,8.99,8.94,1,352033.95
256,8.99,9.08,8.97,9.04,8.99,1,506934.92
257,9.04,9.05,8.95,8.97,9.04,1,362787.81
258,8.96,8.99,8.95,8.96,8.97,1,310926.41
259,8.95,9.01,8.95,8.99,8.96,1,340261.27
260,8.99,8.99,8.92,8.94,8.99,1,295549.64
261,8.93,8.98,8.91,8.98,8.94,1,264682.86
262,8.97,9.12,8.97,9.11,8.98,1,546556.92
263,9.12,9.17,8.91,9.01,9.11,1,818678.34
264,8.98,9.11,8.97,9.08,9.01,1,479910.38
265,9.08,9.24,9.03,9.2,9.08,1,671425.34
266,9.18,9.34,9.17,9.28,9.2,1,759324.41
267,9.24,9.26,9.17,9.25,9.28,1,449165.16
268,9.21,9.22,9.15,9.18,9.25,1,424622.18
269,9.17,9.18,8.93,8.99,9.18,1,1344462.07
270,8.99,9.07,8.95,9.04,8.99,1,725948.19
271,9.04,9.11,9.01,9.11,9.04,1,398479.3
272,9.09,9.15,9.07,9.15,9.11,1,415676.31
273,9.15,9.18,9.12,9.14,9.15,1,436655.45
274,9.14,9.35,9.13,9.22,9.14,1,935576.01
275,9.2,9.53,9.18,9.5,9.22,1,1370021.55
276,9.55,9.8,9.51,9.68,9.5,1,1897552.26
277,9.68,9.68,9.46,9.52,9.68,1,1099558.62
278,9.52,9.6,9.48,9.55,9.52,1,560725.36
279,9.56,9.59,9.43,9.5,9.55,1,691504.31
280,9.49,9.52,9.43,9.51,9.5,-1,505334.53
281,9.5,9.51,9.36,9.4,9.51,1,979432.73
282,9.38,9.45,9.37,9.4,9.4,1,890656.73
283,9.41,9.43,9.38,9.43,9.4,-1,732281.27
284,9.42,9.45,9.34,9.44,9.43,1,617389.6
285,9.45,9.47,9.4,9.45,9.44,-1,502233.85
286,9.41,9.45,9.38,9.42,9.45,-1,565231.88
287,9.42,9.47,9.41,9.47,9.42,1,595081.23
288,9.46,9.5,9.43,9.49,9.47,1,489746.76
289,9.49,9.52,9.42,9.45,9.49,1,480131.21
290,9.43,9.46,9.42,9.45,9.45,1,368796.33
291,9.46,9.46,9.4,9.42,9.45,1,469936.56
292,9.42,9.43,9.36,9.41,9.42,-1,574738.33
293,9.41,9.42,9.37,9.4,9.41,1,459373.29
294,9.39,9.42,9.38,9.4,9.4,1,295218.45
295,9.4,9.43,9.36,9.38,9.4,-1,327431.43
296,9.29,9.32,9.13,9.16,9.38,1,756581.73
297,9.18,9.21,9.14,9.19,9.16,1,460931.42
298,9.17,9.18,9.05,9.06,9.19,1,421481.25
299,9.05,9.14,9.05,9.12,9.06,1,354348.7
300,9.12,9.12,9.04,9.08,9.12,-1,436678.97
301,9.08,9.1,9.03,9.08,9.08,1,405665.33
302,9.1,9.18,9.09,9.16,9.08,1,494613.23
303,9.16,9.19,9.14,9.15,9.16,1,288798.77
304,9.13,9.13,9.04,9.04,9.15,1,439481.86
305,9.04,9.07,9.01,9.06,9.04,1,401323.67
306,9.06,9.06,9.03,9.05,9.06,1,271366
307,9.05,9.08,9.05,9.06,9.05,-1,303664.29
308,9.06,9.1,9.05,9.07,9.06,-1,308084.86
309,9.1,9.17,9.08,9.12,9.07,-1,611381.59
310,9.13,9.15,9.11,9.15,9.12,-1,363370.78
311,9.14,9.16,9.12,9.13,9.15,-1,270316.2
312,9.08,9.11,9.05,9.07,9.13,-1,632367.96
313,9.06,9.09,9.04,9.09,9.07,-1,335411.76
314,9.08,9.09,9.03,9.05,9.09,-1,359223.16
315,9.03,9.09,9.03,9.09,9.05,-1,593737.09
316,9.09,9.11,9.05,9.08,9.09,-1,482636.16
317,9.08,9.09,9.05,9.07,9.08,-1,342844.57
318,9.08,9.13,9.06,9.13,9.07,-1,683896.77
319,9.13,9.3,9.12,9.24,9.13,-1,915677.04
320,9.25,9.26,9.18,9.21,9.24,1,500752.92
321,9.22,9.22,9.13,9.15,9.21,-1,440452.13
322,9.16,9.17,9.12,9.16,9.15,1,324140.55
323,9.16,9.23,9.14,9.17,9.16,1,541997.74
324,9.15,9.16,9.09,9.15,9.17,1,493596.83
325,9.14,9.16,9.11,9.14,9.15,1,525415.66
326,9.14,9.14,9.05,9.07,9.14,1,633586
327,9.06,9.14,9.05,9.13,9.07,1,616871.13
328,9.11,9.17,9.1,9.11,9.13,1,508117.57
329,9.1,9.12,9.07,9.12,9.11,-1,497240.12
330,9.12,9.15,9.1,9.15,9.12,1,806694.98
331,9.14,9.14,9.01,9.07,9.15,1,722616.71
332,9.1,9.16,9.1,9.14,9.07,-1,631998.74
333,9.14,9.18,9.11,9.18,9.14,-1,812269.69
334,9.16,9.25,9.16,9.22,9.18,-1,975078.75
335,9.2,9.24,9.18,9.23,9.22,1,554342.98
336,9.23,9.24,9.2,9.23,9.23,1,415842.4
337,9.22,9.22,9.18,9.21,9.23,1,505324.02
338,9.21,9.21,9.16,9.18,9.21,1,517597.34
339,9.18,9.28,9.17,9.24,9.18,-1,850243.26
340,9.24,9.36,9.23,9.36,9.24,-1,1180256.94
341,9.34,9.56,9.34,9.45,9.36,1,1752869.43
342,9.44,9.52,9.42,9.47,9.45,1,779748.84
343,9.48,9.62,9.46,9.62,9.47,1,1013674.99
344,9.69,9.78,9.6,9.63,9.62,1,1279689.24
345,9.59,9.7,9.55,9.62,9.63,1,887779.23
346,9.65,9.72,9.5,9.55,9.62,1,1025963.05
347,9.57,9.63,9.55,9.6,9.55,1,646004.37
348,9.6,9.6,9.44,9.55,9.6,1,829686.5
349,9.5,9.54,9.41,9.46,9.55,1,764365.7
350,9.48,9.52,9.45,9.49,9.46,1,602902.76
351,9.48,9.49,9.41,9.48,9.49,1,493404.76
352,9.5,9.55,9.43,9.52,9.48,1,671452.16
353,9.5,9.75,9.48,9.65,9.52,1,1514199.15
354,9.65,9.77,9.44,9.5,9.65,1,1256874
355,9.48,9.5,9.33,9.42,9.5,1,645771.57
356,9.42,9.51,9.4,9.4,9.42,1,597705.74
357,9.37,9.41,9.21,9.25,9.4,1,827612.87
358,9.24,9.29,9.21,9.25,9.25,1,396813.97
359,9.22,9.23,9.17,9.2,9.25,1,494010.64
360,9.2,9.2,9.08,9.11,9.2,1,636638.37
361,9.12,9.16,9.11,9.16,9.11,1,369920.65
362,9.15,9.16,9.11,9.14,9.16,1,341341.24
363,9.14,9.14,9.07,9.08,9.14,1,382912.16
364,9.06,9.13,9.02,9.12,9.08,1,302058.96
365,9.12,9.13,9.07,9.08,9.12,1,268841.24
366,9.08,9.11,9.04,9.06,9.08,1,336055.09
367,9.07,9.09,9.05,9.08,9.06,1,338758.53
368,9.08,9.1,9.06,9.1,9.08,1,302607.36
369,9.11,9.18,9.09,9.16,9.1,1,459840.49
370,9.15,9.18,9.14,9.16,9.16,1,449329.53
371,9.17,9.18,9.15,9.17,9.16,1,344372.91
372,9.17,9.17,9.11,9.13,9.17,1,358154.2
373,9.13,9.17,9.11,9.15,9.13,1,361081.57
374,9.15,9.16,9.14,9.15,9.15,-1,241053.95
375,9.14,9.17,9.13,9.14,9.15,1,303430.89
376,9.13,9.17,9.13,9.15,9.14,1,428006.77
377,9.14,9.19,9.12,9.16,9.15,1,434301.37
378,9.15,9.16,9.07,9.14,9.16,1,683165.86
379,9.12,9.16,9.1,9.15,9.14,1,545552.37
380,9.14,9.19,9.13,9.17,9.15,1,574269.39
381,9.15,9.24,9.15,9.18,9.17,-1,437712.86
382,9.17,9.23,9.17,9.22,9.18,-1,393328.57
383,9.22,9.26,9.2,9.22,9.22,1,420299.31
384,9.23,9.28,9.2,9.27,9.22,1,470244.08
385,9.27,9.28,9.25,9.26,9.27,1,304401.96
386,9.27,9.34,9.26,9.33,9.26,1,420712.58
387,9.34,9.36,9.23,9.26,9.33,1,315472.24
388,9.26,9.32,9.26,9.31,9.26,-1,516786.11
389,9.31,9.32,9.27,9.3,9.31,1,396884.97
390,9.29,9.3,9.24,9.3,9.3,1,360272.42
391,9.3,9.33,9.28,9.31,9.3,1,342855.13
392,9.32,9.36,9.31,9.33,9.31,1,482743.23
393,9.34,9.44,9.33,9.41,9.33,1,638364.75
394,9.41,9.42,9.37,9.4,9.41,1,362404.6
395,9.4,9.54,9.39,9.45,9.4,1,756613.06
396,9.45,9.5,9.42,9.46,9.45,1,411161.13
397,9.46,9.49,9.37,9.39,9.46,1,423774.97
398,9.4,9.58,9.4,9.56,9.39,1,898755.39
399,9.55,9.62,9.54,9.57,9.56,1,646584.21
400,9.57,9.57,9.5,9.57,9.57,1,462966.11
401,9.55,9.57,9.48,9.51,9.57,1,335327.81
402,9.5,9.54,9.48,9.5,9.51,1,332500.14
403,9.5,9.5,9.42,9.43,9.5,1,407341.12
404,9.43,9.51,9.42,9.48,9.43,1,369719.7
405,9.49,9.55,9.47,9.49,9.48,1,346993.73
406,9.51,9.54,9.42,9.43,9.49,1,403628.7
407,9.41,9.43,9.36,9.4,9.43,1,342655.08
408,9.4,9.46,9.39,9.45,9.4,1,404511.38
409,9.44,9.46,9.4,9.45,9.45,1,294672.82
410,9.43,9.45,9.4,9.42,9.45,1,244438.39
411,9.41,9.43,9.36,9.38,9.42,-1,378169.92
412,9.38,9.41,9.36,9.4,9.38,1,390182.25
413,9.39,9.45,9.37,9.44,9.4,1,545304.44
414,9.43,9.46,9.41,9.44,9.44,1,404484.35
415,9.42,9.48,9.42,9.48,9.44,1,546560.86
416,9.48,9.53,9.45,9.52,9.48,1,635953.81
417,9.45,9.46,9.3,9.31,9.52,1,1583647.08
418,9.29,9.31,9.22,9.25,9.31,1,715021.77
419,9.25,9.26,9.2,9.24,9.25,1,554648.74
420,9.2,9.22,9.14,9.16,9.24,1,566123.63
421,9.16,9.24,9.15,9.2,9.16,1,433588.29
422,9.2,9.24,9.16,9.19,9.2,1,710827.87
423,9.12,9.19,9.08,9.14,9.19,-1,985012.05
424,9.16,9.17,9.1,9.12,9.14,1,481372.76
425,9.13,9.15,9.09,9.11,9.12,1,601140.68
426,9.12,9.12,9.06,9.08,9.11,1,687285.55
427,9.08,9.18,9.08,9.17,9.08,1,633121.22
428,9.16,9.22,9.15,9.21,9.17,1,499150.09
429,9.2,9.22,9.17,9.2,9.21,1,434391.47
430,9.19,9.22,9.17,9.2,9.2,1,514844.76
431,9.2,9.21,9.17,9.18,9.2,1,401343.94
432,9.17,9.19,9.09,9.15,9.18,-1,612437.96
433,9.16,9.17,9.1,9.12,9.15,1,455336.53
434,9.11,9.14,9.1,9.12,9.12,1,357442.55
435,9.11,9.12,9.06,9.08,9.12,1,490500.5
436,9.08,9.11,9.05,9.1,9.08,1,531892.18
437,9.09,9.1,9.05,9.05,9.1,1,335376.96
438,9.03,9.04,8.9,8.91,9.05,1,799668.57
439,8.9,8.94,8.89,8.92,8.91,1,437629.99
440,8.92,8.99,8.9,8.97,8.92,1,325408.17
441,8.97,8.98,8.89,8.93,8.97,1,394995.27
442,8.93,9.01,8.93,9,8.93,-1,377933.34
443,9,9.01,8.96,8.99,9,1,382147.06
444,8.97,8.98,8.91,8.97,8.99,1,387392.56
445,8.96,8.99,8.92,8.99,8.97,1,286446.36
446,8.96,8.96,8.9,8.94,8.99,1,311026.1
447,8.92,8.93,8.89,8.91,8.94,1,280310.77
448,8.89,8.89,8.72,8.74,8.91,1,696517.07
449,8.74,8.76,8.58,8.63,8.74,1,623700.85
450,8.6,8.62,8.54,8.57,8.63,-1,460089.89
451,8.56,8.64,8.55,8.64,8.57,-1,324194.46
452,8.63,8.8,8.62,8.67,8.64,1,573077.68
453,8.65,8.72,8.6,8.7,8.67,1,503643.55
454,8.68,8.9,8.64,8.9,8.7,1,917968.19
455,8.89,8.95,8.81,8.86,8.9,1,536578.21
456,8.84,8.85,8.73,8.84,8.86,1,524872.33
457,8.81,8.81,8.75,8.77,8.84,1,417338.02
458,8.72,8.77,8.71,8.73,8.77,1,227401.12
459,8.74,8.76,8.68,8.69,8.73,1,294270.84
460,8.68,8.73,8.61,8.68,8.69,1,679120.05
461,8.67,8.84,8.64,8.79,8.68,1,800040.19
462,8.78,8.83,8.68,8.81,8.79,1,532376.69
463,8.79,9.14,8.78,9.1,8.81,1,1621543.74
464,9.08,9.13,9.04,9.1,9.1,1,895365.76
465,9.1,9.23,9.06,9.2,9.1,1,1033210.95
466,9.2,9.23,9.12,9.19,9.2,1,566182.76
467,9.18,9.29,9.14,9.17,9.19,1,770757.06
468,9.13,9.17,8.99,9.03,9.17,1,634132.69
469,9.01,9.06,8.99,9.04,9.03,1,355341.53
470,9.02,9.15,9.01,9.13,9.04,1,645723.25
471,9.11,9.15,9.08,9.13,9.13,1,383004.48
472,9.15,9.22,9.12,9.15,9.13,1,685468.08
473,9.15,9.19,9.1,9.11,9.15,1,504578.16
474,9.11,9.14,9.05,9.12,9.11,1,448434.97
475,9.12,9.13,9.04,9.08,9.12,1,375444.31
476,9.08,9.08,9.03,9.04,9.08,1,337797.89
477,9.04,9.08,9.01,9.02,9.04,1,285991.04
478,9.03,9.15,9.02,9.13,9.02,1,489704.81
479,9.12,9.16,9.09,9.12,9.13,1,313615.6
480,9.17,9.18,9.11,9.15,9.12,1,496932.19
481,9.15,9.4,9.14,9.25,9.15,1,1426958.15
482,9.23,9.27,9.16,9.25,9.25,1,584004.41
483,9.26,9.4,9.26,9.3,9.25,1,710769.95
484,9.3,9.39,9.27,9.36,9.3,1,546016.13
485,9.35,9.49,9.33,9.43,9.36,1,1168796.22
486,9.43,9.45,9.37,9.43,9.43,1,488804.57
487,9.4,9.43,9.31,9.39,9.43,1,499633.49
488,9.4,9.43,9.34,9.4,9.39,-1,388349.37
489,9.4,9.41,9.3,9.34,9.4,1,488362.53
490,9.29,9.38,9.27,9.37,9.34,1,567720
491,9.36,9.41,9.31,9.4,9.37,1,738911.86
492,9.37,9.48,9.34,9.47,9.4,1,760369.58
493,9.45,9.66,9.44,9.59,9.47,-1,1360815.91
494,9.61,10.46,9.61,10.25,9.59,-1,3812086.6
495,10.27,10.58,10.2,10.34,10.25,1,2998844.01
496,10.3,10.9,10.24,10.9,10.34,1,2994534.32
497,10.81,10.94,10.66,10.9,10.9,1,1722570.26
498,10.95,11.33,10.72,10.81,10.9,1,3273123.15
499,10.75,11.14,10.62,11.05,10.81,1,2349431.91
500,10.99,11.19,10.88,11.09,11.05,1,1933075.92
501,11.08,11.22,10.91,10.97,11.09,1,1537338.58
502,10.83,10.95,10.69,10.89,10.81,1,1501020
503,10.82,11.06,10.73,10.95,10.89,1,1692664.44
504,10.98,11.27,10.95,11,10.95,1,1954768.35
505,10.92,11.18,10.66,10.74,11,1,1697412.11
506,10.72,10.77,10.53,10.59,10.74,1,1194490.4
507,10.61,10.81,10.58,10.74,10.59,1,819195.35
508,10.8,10.82,10.45,10.67,10.74,1,1575864.39
509,10.64,11.08,10.6,11.04,10.67,1,2035709.91
510,11.05,11.34,10.96,11.15,11.04,1,2062069.07
511,11.14,11.22,10.97,11.01,11.15,1,984219.38
512,11,11.29,10.93,11.17,11.01,1,1353951.56
513,11.06,11.17,10.9,11,11.17,1,860644.27
514,11,11.11,10.91,11.05,11,-1,689567.44
515,10.96,11.02,10.68,10.73,11.05,1,1042321.81
516,10.7,10.82,10.54,10.62,10.73,1,959879.96
517,10.48,10.54,9.99,10.02,10.62,1,2440643.35
518,10.13,10.25,10.04,10.22,10.02,1,1157664.64
519,10.24,10.51,10.21,10.31,10.22,1,1075162.35
520,10.29,10.37,10.15,10.34,10.31,1,756806.02
521,10.35,10.42,10.29,10.42,10.34,1,553642.11
522,10.36,10.6,10.29,10.44,10.42,1,616520.41
523,10.43,10.52,10.39,10.46,10.44,1,399154.87
524,10.48,10.66,10.37,10.65,10.46,1,875681.81
525,10.63,10.98,10.59,10.9,10.65,1,1319151.9
526,10.89,11.11,10.84,10.93,10.9,1,924248.63
527,10.94,11.17,10.9,11.11,10.93,1,963940
528,11.1,11.54,11.1,11.35,11.11,1,1603938.32
529,11.3,11.74,11.28,11.67,11.35,1,1357983.73
530,11.68,11.7,11.35,11.43,11.67,1,1096674.76
531,11.39,11.44,11.15,11.28,11.43,1,1151786.46
532,11.28,11.39,11.15,11.21,11.28,1,959976.89
533,11.18,11.72,11.17,11.72,11.21,1,1352325.57
534,11.68,11.94,11.6,11.64,11.72,1,1287518.76
535,11.59,11.88,11.48,11.7,11.64,1,791621.55
536,11.65,11.75,11.39,11.44,11.7,1,614187.24
537,11.46,11.64,11.38,11.49,11.44,1,481276.15
538,11.54,11.69,11.3,11.38,11.49,1,699472.75
539,11.38,11.54,11.27,11.54,11.38,1,846183.42
540,11.49,11.54,11.34,11.43,11.54,1,668237.42
541,11.43,11.59,11.24,11.32,11.43,-1,883087.77
542,11.29,11.32,11.15,11.29,11.32,1,646094.81
543,11.25,11.32,11.2,11.25,11.29,1,607612.96
544,11.25,11.34,11.08,11.13,11.25,1,764212.62
545,11.14,11.37,11.05,11.29,11.13,1,787154.69
546,11.26,11.51,11.2,11.46,11.29,1,692407.93
547,11.43,11.52,11.31,11.44,11.46,1,593927.62
548,11.44,11.45,11.18,11.29,11.44,-1,532391.04
549,11.26,11.3,10.96,11.05,11.29,1,967460.9
550,11.01,11.08,10.9,10.93,11.05,1,727188.2
551,10.98,10.98,10.82,10.88,10.93,1,517220.02
552,10.92,11.16,10.86,11.11,10.88,1,682280.1
553,11.57,11.64,11.26,11.3,11.11,1,1325227.31
554,11.33,11.5,11.33,11.47,11.3,1,747925.3
555,11.48,11.58,11.34,11.53,11.47,1,658077.58
556,11.54,11.58,11.47,11.55,11.53,1,578065.31
557,11.56,11.56,11.25,11.36,11.55,1,737375.96
558,11.36,11.6,11.29,11.59,11.36,1,1036250.64
559,11.62,11.65,11.48,11.51,11.59,1,506372.34
560,11.53,11.7,11.51,11.69,11.51,1,871365.36
561,11.64,11.72,11.57,11.63,11.69,1,722764.82
562,11.59,11.59,11.41,11.48,11.63,1,461808.08
563,11.39,11.4,11.15,11.19,11.48,1,1074465.02
564,11.2,11.42,11.18,11.39,11.19,1,618871.94
565,11.36,11.37,11.25,11.27,11.39,1,418573.6
566,11.25,11.32,11.12,11.18,11.27,1,928996.07
567,11.19,11.56,11.18,11.56,11.18,1,1360086.42
568,11.55,11.73,11.45,11.56,11.56,1,1278246.94
569,11.55,11.58,11.39,11.54,11.56,1,627491.38
570,11.56,11.59,11.32,11.4,11.54,1,692617.9
571,11.36,11.58,11.26,11.54,11.4,1,604308.48
572,11.49,11.68,11.35,11.39,11.54,1,743343.22
573,11.42,11.42,11.09,11.28,11.39,1,1029902.81
574,11.27,12.09,11.25,11.92,11.28,1,2477163.26
575,12,12.59,11.93,12.13,11.92,1,4262825.73
576,12.2,12.57,12.15,12.33,12.13,1,2295289.34
577,12.37,12.55,12.15,12.3,12.33,1,1757552.27
578,12.35,13.1,12.35,12.9,12.3,1,2566906.23
579,12.95,13.26,12.81,12.95,12.9,1,1780302.47
580,12.9,13.13,12.77,12.9,12.95,1,1263052.27
581,12.9,13.12,12.67,13.1,12.9,1,1200814.8
582,13.17,13.46,13.03,13.18,13.1,1,2064149.72
583,13.13,14.25,13.05,14.25,13.18,1,2843925.82
584,14.07,14.79,14.01,14.45,14.25,1,2495327.81
585,14.48,15.24,14.48,15.1,14.45,1,2570231.46
586,15.15,15.24,14.07,14.35,15.1,1,2429142.14
587,14.29,14.59,13.78,14.56,14.35,1,2630189.67
588,14.3,14.3,13.75,13.93,14.56,1,2064085.33
589,13.85,13.85,13.4,13.7,13.93,1,1766432.5
590,13.73,13.93,13.47,13.82,13.7,1,1564094.93
591,13.7,13.73,13.26,13.38,13.82,1,1379635.71
592,13.4,13.48,12.96,13,13.38,1,1784933.15
593,13.05,13.37,13,13.3,13,1,1454023.45
594,13.15,13.49,13.1,13.3,13.3,-1,1723681.32
595,13.26,13.27,12.79,13.08,13.3,1,1619844.96
596,13.05,13.14,12.75,12.83,13.08,1,1181957.84
597,12.89,13.09,12.75,13.09,12.83,-1,1351315.04
598,13.08,13.57,12.88,13.5,13.09,-1,2261952.73
599,13.4,13.48,13.02,13.02,13.5,-1,1743405.79
600,13,13.2,12.88,13.13,13.02,-1,1289248.11
601,13.15,13.31,12.91,13,13.13,-1,1001997.98
602,12.9,12.93,12.67,12.72,13,1,1099952.5
603,12.73,12.91,12.64,12.75,12.72,1,805464.52
604,12.79,13.32,12.74,13.28,12.75,-1,2397942.95
605,13.2,13.31,13.13,13.26,13.28,-1,1106245.07
606,13.18,13.68,13.16,13.54,13.26,1,1485203.44
607,13.5,13.63,13.45,13.52,13.54,1,742900.95
608,13.52,13.86,13.16,13.25,13.52,1,1585567.18
609,13.26,13.69,13.19,13.66,13.25,1,1123688.45
610,13.58,13.78,13.19,13.29,13.66,1,1366566.73
611,13.28,13.46,13.02,13.21,13.29,1,1553030.47
612,13.21,13.43,13.1,13.3,13.21,1,982915.53
613,13.35,13.93,13.32,13.7,13.3,1,2081592.55
614,13.73,13.86,13.2,13.33,13.7,1,2962498.38
615,13.32,13.37,13.13,13.25,13.33,1,1854509.48
616,13.21,13.35,13.15,13.3,13.25,1,1210312.72
617,13.25,13.29,12.86,12.96,13.3,1,2158620.81
618,12.96,13.2,12.92,13.08,12.96,1,1344345.09
619,13.04,13.49,12.92,13.47,13.08,1,2403277.36
620,13.41,13.59,13.27,13.4,13.47,1,1443877.81
621,13.45,13.68,13.41,13.55,13.4,1,1353991.4
622,13.51,14.33,13.5,14.2,13.55,1,3122394.48
623,14.17,14.38,14.02,14.2,14.2,1,2444549
624,14.33,14.8,14.2,14.23,14.2,1,2656294.01
625,14.4,14.72,14.28,14.72,14.23,1,2148026.8
626,14.8,15.13,14.68,14.8,14.72,1,2571146.69
627,14.6,14.94,14.43,14.44,14.8,1,2073867.14
628,14.36,14.9,14.33,14.65,14.44,1,2388791.7
629,14.66,15.08,14.5,14.64,14.65,1,2591292.12
630,14.45,14.47,14,14.2,14.64,1,2369984.59
631,14.18,14.34,14.02,14.05,14.2,1,2032988.65
632,14.05,14.25,13.6,13.74,14.05,1,2090546.68
633,13.7,13.84,13.55,13.65,13.74,1,1094739.86
634,13.6,14.05,13.53,14.05,13.65,1,1747729.14
635,13.95,14.3,13.84,14.03,14.05,1,2005614.75
636,13.91,14.1,13.63,14.05,14.03,1,1176512.71
637,13.8,14.57,13.73,14.55,14.05,1,2331997.9
638,14.23,14.33,13.93,14,14.55,1,2582872.04
639,14.22,14.3,12.76,12.92,14,1,3345716.97
640,12.83,12.92,12.53,12.54,12.92,1,2137815.06
641,12.08,12.08,11.38,11.69,12.54,1,2824949.75
642,11.78,11.84,11.56,11.72,11.69,1,1228782.44
643,11.87,12.21,11.84,11.94,11.72,1,1298178.69
644,11.96,12.03,11.76,12,11.94,1,864190.24
645,12.25,12.53,12.25,12.46,12,1,1268406.07
646,12.58,12.79,12.45,12.61,12.46,1,1013663.2
647,12.77,12.85,12.45,12.63,12.61,1,1045758.74
648,12.64,12.7,12.19,12.28,12.63,1,1285869.06
649,12.1,12.19,11.93,12.05,12.28,1,1214145.59
650,11.92,12.15,11.9,12.04,12.05,1,886957.18
651,11.92,12.04,11.85,11.95,12.04,1,663124.16
652,11.93,12.08,11.8,11.86,11.95,1,754183.13
653,11.95,12.11,11.77,12.1,11.86,1,1150162.49
654,12.15,12.34,12.04,12.05,12.1,1,1427570.32
655,12.05,12.15,11.95,12.11,12.05,1,689755.03
656,12.15,12.2,11.98,12.09,12.11,1,943876.97
657,12.15,12.17,11.95,12.03,12.09,1,1268701.32
658,12.04,12.22,12,12.02,12.03,1,1082267.32
659,11.98,12,11.83,11.92,12.02,1,635594.13
660,11.79,11.85,11.66,11.71,11.92,1,1155694.73
661,11.72,11.85,11.64,11.64,11.71,1,962983.38
662,11.66,11.84,11.61,11.83,11.64,1,808538.72
663,11.74,11.88,11.72,11.82,11.83,1,776150.02
664,11.95,12.12,11.85,11.9,11.82,1,1445109.51
665,11.9,11.97,11.62,11.66,11.9,1,984278.42
666,11.25,11.35,10.92,11.34,11.66,1,1825690.75
667,11.15,11.2,10.86,10.93,11.34,1,1383598.51
668,11.1,11.17,10.86,10.94,10.93,1,1103933.61
669,10.85,11.14,10.79,10.89,10.94,1,1099023.39
670,10.92,11.17,10.55,11.05,10.89,1,1330602.38
671,11.04,11.05,10.88,10.9,11.05,1,752173.68
672,10.87,10.99,10.7,10.71,10.9,1,1109316.43
673,10.6,10.67,10.51,10.56,10.71,1,890745.65
674,10.68,11.01,10.6,10.87,10.56,1,1602488.73
675,10.8,11.1,10.73,11.02,10.87,1,1074795.76
676,11.02,11.46,10.97,11.42,11.02,1,1390950.79
677,11.39,11.92,11.38,11.83,11.42,1,2095970.45
678,11.8,11.83,11.42,11.52,11.83,1,1173128.18
679,11.64,11.79,11.45,11.57,11.52,1,1300255.97
680,11.47,11.47,11.03,11.1,11.57,1,1427072.81
681,11.12,11.45,11.11,11.21,11.1,1,1301891.72
682,11.45,11.61,11.28,11.5,11.21,1,1475845.33
683,11.52,11.69,11.42,11.47,11.5,1,849131.83
684,11.51,11.58,11.2,11.35,11.47,1,958690.66
685,11.3,11.61,11.26,11.57,11.35,1,1070289.35
686,11.63,11.94,11.58,11.86,11.57,1,1461098.8
687,11.76,11.81,11.63,11.68,11.86,1,730286.48
688,11.66,11.69,11.31,11.42,11.68,1,874235.91
689,11.49,11.51,10.63,10.85,11.42,1,2709795.68
690,10.97,11.03,10.8,10.88,10.85,1,1190523.18
691,10.86,10.88,10.57,10.75,10.88,1,1281355.57
692,10.73,10.83,10.66,10.68,10.75,1,710509.52
693,10.7,10.83,10.64,10.81,10.68,1,974309.67
694,10.83,11.15,10.8,11.01,10.81,1,1373305.68
695,10.98,11.03,10.88,10.97,11.01,1,627656.13
696,11.03,11.09,10.91,11.01,10.97,1,552735.88
697,11.04,11.13,10.96,11.01,11.01,-1,772369.66
698,11.09,11.23,11.03,11.18,11.01,-1,1039297.16
699,11.18,11.19,11.02,11.12,11.18,1,669261.44
700,11.07,11.07,10.89,10.9,11.12,-1,714362.08
701,10.91,10.94,10.78,10.82,10.9,1,586494.38
702,10.81,10.97,10.76,10.96,10.82,-1,578384.77
703,11.07,11.11,10.93,10.95,10.96,1,763533.57
704,10.95,10.98,10.79,10.86,10.95,1,589871.85
705,10.82,10.82,10.62,10.65,10.86,-1,991016.29
706,10.66,10.68,10.58,10.61,10.65,-1,688152.02
707,10.61,10.67,10.55,10.59,10.61,1,593335.67
708,10.58,10.66,10.51,10.59,10.59,1,569400.92
709,10.58,10.63,10.35,10.38,10.59,1,889494.97
710,10.29,10.29,10.05,10.08,10.38,1,1124447.04
711,10.11,10.19,10.02,10.18,10.08,1,987360.38
712,10.15,10.29,10.07,10.19,10.18,1,597211.16
713,10.23,10.31,10.15,10.27,10.19,1,593038.35
714,10.29,10.3,10.11,10.26,10.27,1,656540.75
715,10.25,10.26,10.1,10.14,10.26,1,712743.41
716,10.2,10.46,10.18,10.37,10.14,1,1262638.2
717,10.33,10.33,10.06,10.12,10.37,1,1099379.82
718,10.06,10.13,10,10.04,10.12,1,721374.98
719,10.03,10.08,9.95,10.06,10.04,1,913300.72
720,10.04,10.06,9.95,9.95,10.06,-1,530584.31
721,9.95,10.15,9.92,10.07,9.95,1,866392.01
722,10.08,10.29,10.06,10.17,10.07,1,1248707.88
723,10.05,10.15,9.82,9.87,10.17,1,1565874.47
724,9.87,9.95,9.76,9.91,9.87,1,763637.31
725,9.93,10.04,9.86,9.86,9.91,1,840070.77
726,9.8,9.87,9.77,9.85,9.86,1,657818.51
727,9.91,9.92,9.38,9.46,9.85,1,1195212.6
728,9.39,9.44,9.09,9.36,9.46,-1,1124156.94
729,9.31,9.4,9.03,9.09,9.36,1,1045142.68
730,8.95,9.08,8.87,8.92,9.09,1,1110764.03
731,9.01,9.13,8.96,9.09,8.92,1,675299.68
732,9.05,9.05,8.55,8.61,9.09,1,1315520.13
733,8.69,8.7,8.45,8.67,8.61,-1,1274838.57
734,8.63,8.75,8.61,8.61,8.67,1,711153.37
735,8.62,8.73,8.55,8.6,8.61,1,835768.77
736,8.61,8.78,8.45,8.66,8.6,1,988282.69
737,8.69,9.03,8.68,9.03,8.66,-1,1409954.6
738,9.02,9.02,8.89,8.98,9.03,-1,896862.02
739,8.76,8.83,8.68,8.78,8.98,1,851296.7
740,8.6,8.97,8.58,8.88,8.64,1,1140492.31
741,8.92,8.94,8.82,8.88,8.88,-1,603378.21
742,8.85,8.9,8.69,8.73,8.88,1,689845.58
743,8.74,8.75,8.66,8.72,8.73,1,375356.33
744,8.75,8.85,8.69,8.7,8.72,-1,525152.77
745,8.75,8.81,8.69,8.73,8.7,1,461372.39
746,8.73,9.2,8.61,9.11,8.73,-1,1754277.4
747,9.04,9.45,9,9.42,9.11,1,1781688.26
748,9.39,9.59,9.33,9.4,9.42,1,1425894.16
749,9.44,9.47,9.33,9.38,9.4,1,614122.81
750,9.4,9.48,9.21,9.25,9.38,1,833358.15
751,9.3,9.36,9.18,9.25,9.25,1,515126.03
752,9.32,9.49,9.26,9.39,9.25,1,706385.97
753,9.37,9.49,9.25,9.42,9.39,1,720150.8
754,9.42,9.5,9.11,9.15,9.42,1,814081.68
755,9.13,9.15,8.88,8.94,9.15,1,931401.28
756,8.93,9.1,8.91,8.91,8.94,1,476546.62
757,8.94,9.11,8.89,8.94,8.91,1,554010.08
758,8.96,9.17,8.88,9.17,8.94,1,690423.19
759,9.16,9.16,9.04,9.05,9.17,1,578953.16
760,9.04,9.35,9.02,9.29,9.05,1,806783.77
761,9.3,9.32,9.16,9.23,9.29,1,424168.36
762,9.12,9.16,8.9,9.05,9.23,1,818491.12
763,9.03,9.04,8.94,9,9.05,1,430240.36
764,9.02,9.02,8.75,8.79,9,1,670442.85
765,8.73,8.89,8.64,8.78,8.79,1,638272.55
766,8.88,8.94,8.78,8.81,8.78,-1,649476.56
767,8.9,9.02,8.87,9,8.81,1,681322.06
768,9.02,9.26,9.01,9.23,9,1,1264474.47
769,9.24,9.34,9.13,9.29,9.23,1,982433.98
770,9.3,9.42,9.23,9.36,9.29,1,729074.62
771,9.31,10.28,9.29,10.03,9.36,1,3040408.39
772,10.02,10.43,9.97,10.43,10.03,1,2218424.22
773,10.34,10.43,10.24,10.29,10.43,1,1289777.24
774,10.25,10.33,10.15,10.27,10.29,1,901883.49
775,10.27,10.35,10.08,10.12,10.27,1,994917.73
776,10.13,10.32,10.1,10.13,10.12,1,1310865.24
777,10.09,10.3,10.09,10.19,10.13,1,711695.67
778,10.2,10.55,10.07,10.43,10.19,1,1296342.08
779,10.3,10.33,10.05,10.05,10.43,1,1179453.17
780,10.05,10.14,9.95,9.97,10.05,1,711777.55
781,10.04,10.18,9.93,10.01,9.97,1,809035.34
782,10.01,10.07,9.84,9.88,10.01,1,636989.29
783,9.9,10.03,9.81,9.91,9.88,1,712967.51
784,9.87,9.97,9.82,9.88,9.91,1,564829.16
785,10.09,10.1,9.84,9.96,9.88,-1,999725.61
786,9.98,9.98,9.81,9.84,9.96,1,619750.19
787,9.8,9.8,9.68,9.69,9.84,1,517082.33
788,9.73,10.12,9.7,10.08,9.69,1,1126807.42
789,10.03,10.34,10.03,10.24,10.08,1,1231548.77
790,10.27,10.36,10.19,10.23,10.24,-1,620348.36
791,10.26,10.7,10.18,10.67,10.23,1,1624518.41
792,10.52,10.68,10.48,10.55,10.67,1,977014.7
793,10.61,10.92,10.52,10.71,10.55,1,1490513.43
794,10.65,10.84,10.57,10.74,10.71,-1,880363.33
795,10.78,11.27,10.78,11.05,10.74,1,2110242.67
796,10.7,10.79,10.45,10.45,11.05,1,1686358.52
797,10.46,10.7,10.39,10.56,10.45,1,1064084.26
798,10.54,10.66,10.38,10.45,10.56,-1,995200.08
799,10.05,10.16,9.7,9.86,10.45,1,1995143.83
800,9.97,10.34,9.87,10.3,9.86,1,1516810.28
801,10.39,10.47,10.09,10.11,10.3,1,1402685.3
802,10.14,10.54,10.12,10.37,10.11,-1,1396921.05
803,10.5,10.55,10.14,10.33,10.37,1,1350889.83
804,10.29,10.29,10.06,10.09,10.33,1,1001156.05
805,9.95,10.78,9.92,10.76,10.09,1,2083667.32
806,10.81,11.46,10.78,11.15,10.76,1,2645543.12
807,11.2,11.22,10.73,10.84,11.15,1,1602545.92
808,10.9,11.33,10.8,11.04,10.84,1,1829424.64
809,10.8,11.29,10.71,11.29,11.04,1,1685011.36
810,11.29,11.31,10.96,11.18,11.29,1,1299975.1
811,11.2,11.24,10.62,10.75,11.18,1,1591628.78
812,10.78,11.08,10.73,10.9,10.75,1,1501827.86
813,10.95,10.99,10.75,10.91,10.9,1,1152683.79
814,10.99,11.05,10.76,10.83,10.91,1,1542776.32
815,11.04,11.16,10.83,11.09,10.83,1,2212922.87
816,10.95,11.04,10.82,10.92,11.09,1,1291924.17
817,10.87,10.93,10.73,10.84,10.92,1,735725.74
818,10.83,10.95,10.75,10.81,10.84,1,785597.41
819,10.88,10.97,10.82,10.89,10.81,1,793976
820,10.71,10.73,10.4,10.55,10.89,1,1629269.17
821,10.46,10.58,10.38,10.56,10.55,1,920333.88
822,10.41,10.65,10.38,10.54,10.56,1,1072497.62
823,10.53,10.55,10.42,10.44,10.54,1,774239.85
824,10.44,10.64,10.42,10.62,10.44,1,901461.98
825,10.61,10.72,10.49,10.57,10.62,1,1059592.59
826,10.57,10.88,10.57,10.85,10.57,1,1360887.09
827,10.75,10.8,10.52,10.57,10.85,1,1033877.53
828,10.5,10.67,10.48,10.61,10.57,1,666157.33
829,10.67,10.67,10.48,10.55,10.61,1,500267.85
830,10.53,10.58,10.31,10.32,10.55,1,700358.15
831,10.34,10.46,10.3,10.34,10.32,1,516569.11
832,10.35,10.39,10.16,10.18,10.34,1,733448.38
833,10.17,10.31,10.16,10.28,10.18,1,537751.45
834,10.35,10.39,10.19,10.2,10.28,1,485284.05
835,10.22,10.36,10.17,10.36,10.2,1,594715.32
836,10.59,10.66,10.47,10.59,10.36,1,1064097.17
837,10.57,10.62,10.53,10.59,10.59,1,534813.05
838,10.49,10.51,10.4,10.45,10.59,1,581545.27
839,10.36,10.37,10.23,10.25,10.45,1,578866.48
840,10.3,10.39,10.27,10.28,10.25,1,340216.15
841,10.22,10.27,10.13,10.17,10.28,1,494818.87
842,10.21,10.26,10.17,10.23,10.17,1,299089.62
843,10.3,10.32,10.2,10.24,10.23,1,366379.03
844,10.25,10.48,10.2,10.39,10.24,1,790845.21
845,10.34,10.35,10.16,10.17,10.39,1,526675.13
846,10.16,10.33,10.1,10.29,10.17,1,571274.87
847,10.2,10.32,10.1,10.12,10.29,1,537744.3
848,10.14,10.18,9.9,9.94,10.12,1,598007.01
849,9.92,9.97,9.63,9.71,9.94,1,990284.79
850,9.68,9.7,9.33,9.45,9.71,1,1000616.76
851,9.4,9.45,9.31,9.42,9.45,1,509117.67
852,9.29,9.43,9.21,9.34,9.42,1,586615.45
853,9.35,9.42,9.27,9.3,9.34,1,421140.6
854,9.45,9.49,9.28,9.28,9.3,1,624593.27
855,9.31,9.46,9.31,9.38,9.28,1,576604
856,9.39,9.42,9.16,9.19,9.38,1,539386.32
857,9.18,9.33,9.15,9.28,9.19,-1,415537.95
858,9.24,9.82,9.22,9.75,9.28,1,1481159.06
859,9.84,9.85,9.63,9.74,9.75,1,865687.66
860,9.73,9.74,9.62,9.66,9.74,1,402388.11
861,9.74,10.08,9.7,9.94,9.66,1,1233486.36
862,9.87,10.2,9.86,10.1,9.94,1,1071817.66
863,10.11,10.22,10.05,10.2,10.1,1,696364.55
864,10.22,10.25,10.07,10.11,10.2,1,500443.59
865,10.11,10.28,10.09,10.24,10.11,1,542160.55
866,10.24,10.5,10.23,10.48,10.24,1,977699.37
867,10.54,10.57,10.17,10.25,10.48,-1,882811.92
868,10.34,10.49,10.28,10.43,10.25,-1,738793.26
869,10.34,10.47,10.32,10.34,10.43,-1,659355.76
870,10.34,10.44,10.26,10.28,10.34,1,424413.57
871,10.29,10.47,10.29,10.35,10.28,1,537876.63
872,10.4,10.55,10.37,10.52,10.35,1,679240.88
873,10.56,11.04,10.55,11,10.52,1,2108361.85
874,11.04,11.14,10.88,10.94,11,1,1035909.8
875,10.96,11.07,10.77,11,10.94,1,826631.1
876,10.95,11.18,10.86,10.95,11,1,712001.01
877,10.98,11.2,10.94,11.1,10.95,1,831622.75
878,11.2,11.25,10.96,11.2,11.1,1,1014270.07
879,11.08,11.21,10.97,11.21,11.2,1,801936.63
880,11.2,11.31,11.03,11.19,11.21,1,959936.9
881,11.19,11.41,11.12,11.38,11.19,1,1137365.74
882,11.3,11.33,11.19,11.25,11.38,1,869185.19
883,11.23,11.23,10.9,10.95,11.25,1,1100127.46
884,11.05,11.36,11.04,11.36,10.95,1,1255522.21
885,11.36,11.62,11.24,11.27,11.36,1,1270882.04
886,11.33,11.53,11.25,11.41,11.27,1,832629.87
887,11.38,11.55,11.28,11.36,11.41,1,754246.48
888,11.35,11.57,11.15,11.54,11.36,1,1184047.79
889,11.7,12.64,11.57,12.55,11.54,1,2824935.02
890,12.55,12.57,12.15,12.2,12.55,1,2017544.93
891,12.24,12.66,12.15,12.4,12.2,1,1979013.88
892,12.44,12.61,12.27,12.36,12.4,1,1113099.8
893,12.48,12.78,12.2,12.76,12.36,1,1712679.16
894,12.7,13.38,12.62,12.99,12.76,1,2456830.39
895,12.91,13.29,12.84,13.06,12.99,1,1408422.22
896,13.06,13.15,12.84,13.08,13.06,1,1245760.2
897,13.06,13.06,12.55,12.74,13.08,1,1782057.31
898,12.49,12.7,12.25,12.3,12.74,-1,1778162.1
899,12.3,12.49,12.05,12.32,12.3,1,1157650.77
900,12.49,12.64,12.24,12.36,12.32,1,1411794.92
901,12.34,12.55,12.13,12.37,12.36,1,1269427.16
902,12.33,12.62,12.27,12.43,12.37,1,1057467.9
903,12.34,12.68,12.34,12.5,12.43,1,1045406.03
904,12.53,12.94,12.32,12.91,12.5,1,1486454.8
905,12.92,12.94,12.61,12.79,12.91,1,957196.46
906,12.68,12.88,12.62,12.75,12.79,1,929996.38
907,12.77,12.8,12.58,12.69,12.75,1,860140.8
908,12.69,12.74,12.5,12.59,12.69,1,713502.06
909,12.4,12.4,12.1,12.11,12.59,1,1179883.26
910,12.23,12.29,12.01,12.1,12.11,1,935393.27
911,12.24,12.47,12.18,12.38,12.1,-1,922826.8
912,12.31,12.31,12.1,12.22,12.38,1,732467.44
913,12.26,12.82,12.21,12.82,12.22,1,1669506.47
914,12.83,13.55,12.83,13.18,12.82,1,1951401.19
915,13.28,13.48,13.23,13.36,13.18,1,1100384.04
916,13.21,13.45,13.15,13.44,13.36,1,792915.79
917,13.43,14,13.43,13.86,13.44,1,2034365
918,13.9,14.43,13.72,13.96,13.86,1,1743176.2
919,13.87,13.98,13.75,13.81,13.96,1,781332.38
920,13.75,13.88,13.4,13.73,13.81,1,947135.06
921,13.73,13.96,13.49,13.54,13.73,1,655356.62
922,13.49,13.59,13.21,13.42,13.54,-1,774324.64
923,13.72,14.09,13.66,13.69,13.42,1,1533890.68
924,13.67,14.58,13.55,14.58,13.69,1,2379375.18
925,14.42,14.59,14.23,14.35,14.58,1,1004109.87
926,14.3,14.37,14.11,14.34,14.35,1,507045.3
927,14.45,14.8,14.3,14.73,14.34,1,1246036.09
928,14.6,14.84,14.08,14.15,14.73,1,1322273.9
929,14.1,14.2,13.97,14.07,14.15,1,940687.34
930,14.45,14.6,14.16,14.44,14.07,1,1949723.63
931,14.38,14.64,14.13,14.13,14.44,1,1111476.37
932,14.08,14.25,13.7,13.79,14.13,1,1009421.24
933,13.9,14.33,13.86,14.1,13.79,1,1030695.75
934,13.99,14.05,13.59,13.85,14.1,1,1116570.27
935,13.1,13.35,12.71,12.87,13.85,1,2108667.84
936,13.03,13.09,12.72,12.95,12.87,1,1072658.41
937,12.72,12.91,12.5,12.6,12.95,1,975450.81
938,12.52,12.58,12.05,12.16,12.6,1,1557151.61
939,12.34,12.75,12.1,12.68,12.16,1,1192399.08
940,12.33,12.54,12.23,12.3,12.68,1,741917.79
941,12.2,12.75,12.16,12.49,12.3,1,1182598.19
942,12.58,13.11,12.57,12.92,12.49,1,1103988.51
943,12.93,12.99,12.78,12.85,12.92,-1,634901.43
944,12.92,12.93,12.36,12.44,12.85,1,965000.85
945,12.35,12.54,12.25,12.38,12.44,1,786435.18
946,12.4,12.73,12.36,12.56,12.38,1,731210.51
947,12.57,12.57,12.32,12.4,12.56,1,506230.72
948,12.24,12.42,12.14,12.29,12.4,1,666855.43
949,12.35,12.45,12.31,12.35,12.29,1,495526.2
950,12.21,12.42,11.93,12.37,12.35,1,1048425.98
951,12.31,12.55,12.26,12.49,12.37,1,880703.12
952,12.36,12.59,12.26,12.4,12.49,1,666411.5
953,12.32,12.38,12.11,12.22,12.4,1,646284.65
954,12.16,12.4,12.11,12.18,12.22,1,686794.39
955,12.22,12.33,11.82,11.9,12.18,1,1512719.05
956,11.89,11.94,11.6,11.85,11.9,1,974655.34
957,11.97,12.14,11.92,11.97,11.85,1,748892.31
958,11.97,12.07,11.89,11.92,11.97,1,433665.26
959,12.01,12.47,11.98,12.34,11.92,-1,1144668.82
960,12.34,12.72,12.3,12.65,12.34,1,1251087.51
961,12.63,12.66,12.44,12.57,12.65,1,657310.18
962,12.54,12.68,12.43,12.59,12.57,1,530000.26
963,12.59,12.69,12.45,12.49,12.59,1,483191.73
964,12.48,12.79,12.48,12.67,12.49,1,619815.88
965,12.67,12.85,12.59,12.8,12.67,1,483555.12
966,13.29,13.39,13.01,13.07,12.8,-1,1143226.39
967,13.17,13.95,13.12,13.8,13.07,-1,1529191.47
968,13.76,13.87,13.58,13.64,13.8,-1,1011129.15
969,13.69,13.83,13.61,13.69,13.64,1,659572.85
970,13.72,13.72,13.07,13.43,13.69,1,1469227.07
971,13.27,13.5,13.19,13.37,13.29,1,546504.76
972,13.5,13.85,13.45,13.71,13.37,1,925074.94
973,13.73,13.79,13.58,13.78,13.71,-1,498093.69
974,14.01,14.18,13.87,13.93,13.78,1,960636
975,13.88,14.24,13.86,14.18,13.93,1,1052744.86
976,14.18,14.21,13.87,14.01,14.18,1,769078.49
977,14.01,14.28,13.88,13.99,14.01,1,621292.52
978,13.95,13.98,13.69,13.92,13.99,1,749196.09
979,13.82,13.88,13.45,13.59,13.92,1,778413.9
980,13.63,13.71,13.44,13.59,13.59,1,494296.11
981,13.61,13.7,13.49,13.56,13.59,1,358220.79
982,13.68,13.78,13.53,13.54,13.56,1,484183.14
983,13.6,14.23,13.58,14.12,13.54,1,1465366.52
984,14.03,14.12,13.84,14,14.12,1,841282.76
985,13.97,13.99,13.71,13.75,14,1,722780.79
986,13.7,13.81,13.61,13.69,13.75,1,410020.63
987,13.65,13.81,13.56,13.67,13.69,1,422826.22
988,13.74,14.08,13.68,13.99,13.67,1,866390.7
989,13.96,14.02,13.76,13.85,13.99,1,582283.3
990,13.86,13.87,13.65,13.76,13.85,1,504004.23
991,13.87,14.01,13.79,13.88,13.76,1,570276.22
992,13.92,14.27,13.85,14.2,13.88,1,1087826.41
993,14.18,14.25,14.08,14.23,14.2,1,635305.71
994,14.25,14.45,14.18,14.29,14.23,1,715576.19
995,14.31,14.55,14.29,14.37,14.29,1,796634.32
996,14.3,14.32,14.08,14.13,14.37,1,634723.48
997,14.06,14.19,13.94,14.1,14.13,1,527981.28
998,13.77,13.88,13.66,13.74,14.1,1,969926.46
999,13.6,13.64,13.27,13.35,13.74,1,893082.42
1000,13.1,13.46,13.03,13.37,13.35,1,882499.13
1001,13.49,13.64,13.37,13.54,13.37,1,793038.99
1002,13.9,14.5,13.85,14.38,13.54,1,2330715.04
1003,14.55,14.85,14.43,14.52,14.38,1,2060575.13
1004,14.61,15.12,14.6,15.12,14.52,1,2733425.47
1005,15,15.08,14.74,14.89,15.12,1,1293736.44
1006,15.14,15.22,14.8,14.97,14.89,1,1360546.54
1007,14.64,14.96,14.6,14.94,14.97,1,897376.26
1008,15.09,15.14,14.78,14.9,14.94,1,986902.93
1009,14.91,14.94,14.52,14.92,14.9,1,2292956.13
1010,14.92,15.2,14.77,14.99,14.92,1,1921041.5
1011,14.87,14.89,14.38,14.45,14.99,1,1990131.95
1012,14.4,14.45,14.2,14.31,14.45,1,1353071.58
1013,14.37,14.74,14.35,14.65,14.31,1,1636867.68
1014,14.42,14.5,14.15,14.25,14.65,1,1415122.54
1015,14.36,14.48,14.24,14.31,14.25,1,1356713.37
1016,14.26,14.28,14.05,14.27,14.31,1,829657.68
1017,14.22,14.24,14.08,14.13,14.27,1,609034.34
1018,14.29,14.39,14.1,14.16,14.13,1,798500.57
1019,14.15,14.5,14.11,14.45,14.16,1,1360201.3
1020,14.48,14.51,14.25,14.3,14.45,1,858653.65
1021,14.32,14.5,14.31,14.44,14.3,1,973964.87
1022,14.56,14.85,14.55,14.58,14.44,1,1768051.43
1023,14.71,14.81,14.62,14.81,14.58,1,986432.8
1024,14.98,15,14.6,14.69,14.81,1,1299839.14
1025,14.6,14.64,14.41,14.55,14.69,1,796870.64
1026,14.6,14.71,14.46,14.56,14.55,1,818614.21
1027,14.66,14.78,14.53,14.68,14.56,1,1150687.64
1028,14.7,14.72,14.4,14.45,14.68,1,929894.14
1029,14.36,14.45,14.18,14.24,14.45,1,882655.75
1030,14.24,14.48,14.24,14.41,14.24,1,820436.33
1031,14.48,14.89,14.48,14.84,14.41,1,1884020.83
1032,14.95,15.4,14.93,15.34,14.84,1,2644285.14
1033,15.34,15.47,15.18,15.38,15.34,1,1403282
1034,15.47,15.54,15.18,15.18,15.38,-1,1129103.24
1035,15.2,15.85,15.19,15.75,15.18,1,1938892.72
1036,15.86,16.04,15.66,15.71,15.75,1,1686592.58
1037,15.85,16,15.7,15.9,15.71,1,1007706.27
1038,15.75,15.89,15.57,15.59,15.9,1,1046363.17
1039,15.6,16.23,15.6,16.2,15.59,1,1386676.36
1040,16.1,16.52,16.02,16.25,16.2,1,1316693.41
1041,16.27,16.27,15.99,16.24,16.25,1,879746.62
1042,16.2,16.95,16.2,16.81,16.24,1,1405422.82
1043,16.97,17.6,16.92,17.22,16.81,1,1557637.45
1044,17.25,17.35,16.82,17.18,17.22,1,881955.42
1045,17.26,17.44,16.63,16.79,17.18,1,1267671.21
1046,16.9,17,16.55,16.7,16.79,1,1126182.22
1047,16.8,17.04,16.43,16.51,16.7,1,1196799.14
1048,16.43,16.97,16.43,16.89,16.51,-1,945952.25
1049,16.91,16.93,16.03,16.42,16.89,1,1883531.43
1050,16.32,16.67,16.23,16.45,16.42,1,967534.59
1051,16.5,17,16.44,16.87,16.45,1,1109214.77
1052,16.78,16.96,16.58,16.88,16.87,1,691435.76
1053,16.98,17.04,16.48,16.66,16.88,-1,1070131.13
1054,16.69,16.93,16.56,16.91,16.66,1,788864.73
1055,16.8,16.96,16.42,16.43,16.91,1,854317.17
1056,16.42,16.47,16.24,16.26,16.43,1,862569.3
1057,16.35,17,16.28,16.86,16.26,1,1254655.44
1058,16.98,17.25,16.77,16.92,16.86,-1,889824.25
1059,16.8,17.44,16.79,17.15,16.92,1,1172485.89
1060,17.06,17.26,16.88,16.96,17.15,1,863325.36
1061,16.93,17.07,16.75,16.89,16.96,1,711896.99
1062,16.98,17.02,16.64,16.65,16.89,-1,849139.24
1063,16.5,16.53,16.2,16.28,16.65,1,953515.63
1064,16.29,16.37,16.16,16.33,16.28,1,516266.4
1065,16.29,16.46,16.06,16.33,16.33,1,655120.65
1066,16.43,16.48,16.25,16.32,16.33,1,468899.55
1067,16.39,16.55,16.24,16.34,16.32,1,569227.98
1068,16.35,16.55,16.23,16.45,16.34,1,557918.41
1069,16.45,16.48,16.31,16.41,16.45,1,562120.4
1070,16.3,16.3,15.77,15.85,16.41,1,1724383.53
1071,15.75,15.87,15.63,15.86,15.85,-1,772563.24
1072,15.89,15.92,15.55,15.59,15.86,1,773473.54
1073,15.64,15.84,15.54,15.8,15.59,1,783257.94
1074,15.89,15.89,15.49,15.62,15.8,1,815297.53
1075,15.64,15.64,15.39,15.47,15.62,1,476169.98
1076,15.47,15.54,15.44,15.49,15.47,1,378016.51
1077,15.54,15.55,15.18,15.29,15.49,1,653866.91
1078,15.35,15.43,15.23,15.36,15.29,1,553877.38
1079,15.3,15.46,15.21,15.45,15.36,1,455418.05
1080,15.34,15.41,15.21,15.31,15.45,1,524545.27
1081,15.35,15.48,15.3,15.43,15.31,1,557084.46
1082,15.47,15.72,15.46,15.6,15.43,1,712615.24
1083,15.62,15.62,15.35,15.41,15.6,1,605992.89
1084,15.36,15.38,15.25,15.33,15.41,1,556383.88
1085,15.38,15.68,15.3,15.66,15.33,1,871505.19
1086,15.66,15.67,15.53,15.6,15.66,1,478998.82
1087,15.85,16.12,15.77,16.12,15.6,1,1053103.81
1088,16.12,16.14,15.87,16.13,16.12,1,787952.34
1089,16,16.63,15.98,16.5,16.13,1,1203104.9
1090,16.43,16.66,16.41,16.46,16.5,1,797091.33
1091,16.55,16.74,16.44,16.55,16.46,1,675536.76
1092,16.55,16.68,16.44,16.59,16.55,1,644478.38
1093,16.68,16.68,16.17,16.24,16.59,1,715792.72
1094,16.23,16.5,16.23,16.4,16.24,1,459128.42
1095,16.45,16.56,16.24,16.3,16.4,1,414917.98
1096,16.34,16.48,16.32,16.47,16.3,1,372033.86
1097,16.53,16.93,16.43,16.63,16.47,1,1042574.72
1098,16.46,16.63,16.1,16.57,16.63,1,976970.31
1099,16.57,16.63,16.31,16.45,16.57,1,704442.25
1100,16.65,16.95,16.55,16.87,16.45,1,1530231.87
1101,16.94,17.31,16.92,17.18,16.87,-1,1116194.81
1102,17.01,17.34,16.91,17.07,17.18,1,862083.5
1103,17.13,17.28,16.95,17.15,17.07,1,728607.56
1104,17,17.05,16.63,16.66,17.15,1,847824.12
1105,16.81,16.93,16.53,16.79,16.66,1,1031636.65
1106,16.79,16.81,16.52,16.69,16.79,1,585548.45
1107,16.75,17.03,16.61,16.99,16.69,1,872133.36
1108,16.99,17.27,16.76,16.76,16.99,1,1304493.66
1109,16.79,16.86,16.45,16.52,16.76,1,859439.12
1110,16.52,16.57,16.2,16.33,16.52,1,1028104.67
1111,16.38,16.55,16.35,16.39,16.33,1,605436.69
1112,16.43,16.61,16.35,16.45,16.39,1,746074.75
1113,16.34,16.34,15.93,16,16.45,1,896603.1
1114,15.92,16.16,15.71,16.09,16,1,719464.91
1115,15.92,15.92,15.39,15.54,16.09,-1,1100592.07
1116,13.99,14.7,13.99,13.99,15.54,1,2259194.83
1117,14.05,14.66,14.02,14.6,13.99,1,1706172.07
1118,14.59,14.89,14.32,14.63,14.6,1,1491380.21
1119,14.81,14.87,14.51,14.77,14.63,1,1185815.72
1120,14.6,14.69,14.41,14.62,14.77,1,924852.96
1121,14.51,14.53,14.3,14.5,14.62,-1,1339495.24
1122,14.6,14.94,14.56,14.79,14.5,1,1407507.44
1123,14.79,14.82,14.6,14.77,14.79,1,1070503.21
1124,14.71,14.88,14.61,14.65,14.77,1,1013205.28
1125,14.75,15.14,14.7,15.03,14.65,1,1512434.73
1126,15.04,15.37,14.93,15.37,15.03,-1,1543696.01
1127,15.33,15.33,15.01,15.2,15.37,1,973612.35
1128,15.1,15.37,15.08,15.24,15.2,-1,874106.93
1129,15.27,15.62,15.1,15.59,15.24,1,1235444.34
1130,15.49,15.72,15.45,15.58,15.59,1,995071.02
1131,15.46,15.46,15.15,15.23,15.58,1,1191794.5
1132,15,15.13,14.78,15.04,15.23,1,1144575.02
1133,14.77,15.27,14.7,14.99,15.04,1,1176599.15
1134,14.96,15.15,14.89,15.11,14.99,1,975270.9
1135,14.85,15.04,14.46,14.5,15.11,1,1300644.45
1136,14.55,14.95,14.46,14.79,14.5,1,1116580.66
1137,14.96,14.99,14.63,14.72,14.79,1,1153584.32
1138,14.68,14.78,14.51,14.69,14.72,-1,862595.23
1139,14.8,15.64,14.73,15.39,14.69,1,2686602.34
1140,15.18,15.27,15.02,15.03,15.39,1,1228531.03
1141,14.71,14.73,14.42,14.45,15.03,1,1665793.54
1142,14.38,14.85,14.38,14.76,14.45,1,1167864.97
1143,14.77,14.88,14.62,14.69,14.76,1,814381.64
1144,14.65,14.84,14.53,14.68,14.69,1,986497.11
1145,13.9,14.58,13.9,14.52,14.68,1,1169765.8
1146,14.45,14.46,13.75,13.75,14.52,1,1406202.18
1147,13.75,13.97,13.13,13.41,13.75,1,1177849.06
1148,13.41,13.55,12.65,12.71,13.41,1,1384784.37
1149,12.68,12.74,11.91,12.23,12.71,1,1891457.13
1150,12.4,12.68,12.26,12.52,12.23,1,1578352.96
1151,12,12.35,11.93,12.15,12.52,1,1071113.64
1152,12.4,12.68,12.27,12.61,12.15,1,1180200.26
1153,12.88,13.07,12.7,12.87,12.61,1,1136957.74
1154,12.78,13.34,12.72,13.06,12.87,1,1075192.43
1155,13.25,13.38,13.08,13.15,13.06,1,653018.88
1156,12.85,13.04,12.76,12.94,13.15,1,661738.79
1157,13.05,13.09,12.78,12.8,12.94,1,513370.3
1158,12.86,13.13,12.82,12.89,12.8,1,520836.04
1159,12.75,12.97,12.66,12.97,12.89,1,518365.04
1160,12.82,12.89,12.55,12.61,12.97,1,825348.14
1161,12.89,12.94,12.81,12.88,12.61,1,870313.71
1162,12.88,12.92,12.72,12.78,12.88,1,528716.14
1163,12.88,12.89,12.72,12.74,12.78,1,408553.77
1164,12.76,12.98,12.65,12.79,12.74,1,666674.95
1165,12.67,12.71,12.47,12.59,12.79,1,446214.4
1166,12.65,12.86,12.57,12.86,12.59,1,686086.87
1167,12.86,12.93,12.78,12.87,12.86,1,656396.4
1168,12.79,12.79,12.54,12.68,12.87,1,789154.98
1169,12.77,13.04,12.65,12.89,12.68,1,1331164.77
1170,12.86,13.05,12.77,12.99,12.89,1,818455.83
1171,13.3,13.7,13.3,13.45,12.99,1,2122448.34
1172,13.37,13.42,13.16,13.23,13.45,1,1032802.74
1173,13.23,13.31,13.11,13.23,13.23,1,646989.63
1174,13.17,13.28,13.11,13.24,13.23,1,566001.61
1175,13.3,13.64,13.25,13.5,13.24,1,936829.9
1176,13.45,13.56,13.27,13.52,13.5,1,771564.17
1177,13.48,14.1,13.45,14.02,13.52,1,1108722.39
1178,14.02,14.32,13.88,13.93,14.02,1,819540.43
1179,13.76,13.89,13.61,13.77,13.93,1,1008998.02
1180,13.76,13.76,13.6,13.69,13.77,1,662749.23
1181,13.76,14.02,13.68,13.95,13.69,1,934781.7
1182,13.92,14.13,13.9,14,13.95,1,612862.29
1183,13.95,14.05,13.72,13.79,14,1,558511.14
1184,13.75,13.78,13.53,13.63,13.79,1,640358.79
1185,13.55,13.59,13.22,13.3,13.63,1,944672.09
1186,13.39,13.43,13.14,13.23,13.3,1,756794.47
1187,13.2,13.34,13.12,13.2,13.23,1,637208.57
1188,13.41,13.45,13.27,13.36,13.2,1,600368.64
1189,13.38,13.62,13.27,13.51,13.36,1,690851.07
1190,13.52,13.57,13.36,13.4,13.51,1,552312
1191,13.33,13.34,12.92,12.92,13.4,1,856237.33
1192,12.97,12.98,12.76,12.96,12.92,1,410170.78
1193,13.02,13.07,12.94,13.04,12.96,1,396212.4
1194,13.05,13.19,12.96,13,13.04,1,482962.94
1195,12.87,13.18,12.81,13.07,12.78,1,960760.31
1196,13.01,13.04,12.92,13,13.07,1,457808.22
1197,13.1,13.39,13.08,13.32,13,1,882960.55
1198,13.29,13.63,13.28,13.55,13.32,1,883458.88
1199,13.64,13.88,13.5,13.54,13.55,1,956803.08
1200,13.53,13.64,13.41,13.57,13.54,1,583066.33
1201,13.6,13.62,13.43,13.59,13.57,1,383026.9
1202,13.68,13.85,13.58,13.62,13.59,1,585971.9
1203,13.64,13.73,13.53,13.67,13.62,1,474300.07
1204,13.71,13.71,13.4,13.49,13.67,1,580476.2
1205,13.38,13.39,13,13.08,13.49,1,1349039.82
1206,12.9,13.02,12.87,12.99,13.08,1,1030550.57
1207,12.85,12.97,12.8,12.82,12.99,-1,660313.07
1208,12.9,12.99,12.86,12.89,12.82,1,718059.1
1209,12.89,12.92,12.76,12.85,12.89,1,716468.24
1210,12.76,12.8,12.59,12.76,12.85,1,1119647.8
1211,12.73,12.84,12.61,12.8,12.76,1,1539521.78
1212,12.74,12.76,12.62,12.64,12.8,1,1319079.79
1213,12.65,12.69,12.52,12.6,12.64,1,990806.73
1214,12.64,12.88,12.6,12.8,12.6,1,1523220.48
1215,12.92,12.97,12.71,12.8,12.8,1,1038480.06
1216,12.83,12.88,12.72,12.8,12.8,1,937940.22
1217,12.79,13.15,12.74,13.12,12.8,1,1697390.01
1218,13.08,13.49,12.97,13.43,13.12,-1,2590501.19
1219,13.57,14.32,13.56,14.25,13.43,1,3768333.63
1220,14.6,15.68,14.59,15.68,14.25,1,4711460.78
1221,16.3,16.63,15.03,15.48,15.68,1,3964427.47
1222,15.23,16,15.23,15.76,15.48,1,2631339.16
1223,15.66,15.66,15.31,15.53,15.76,1,2243994.4
1224,15.35,15.48,14.76,14.86,15.53,1,2158773.26
1225,14.7,15.08,14.5,14.89,14.86,1,1937160.12
1226,14.9,15.19,14.55,14.68,14.89,1,1953566.27
1227,14.78,14.86,14.23,14.27,14.68,1,2042562.83
1228,14.3,14.55,14.12,14.15,14.27,1,1930891.29
1229,14.17,14.28,13.95,14.14,14.15,1,1291346.77
1230,14.23,14.77,14.1,14.73,14.14,1,1979632
1231,14.68,14.68,14.4,14.49,14.73,1,1252865.69
1232,14.49,14.65,14.27,14.41,14.49,1,1312951.59
1233,14.24,14.29,13.81,14.01,14.41,1,2027525.87
1234,13.97,13.99,13.42,13.5,14.01,1,1830881.83
1235,13.67,13.68,13.1,13.24,13.5,1,1880653.35
1236,13.34,13.43,13.18,13.34,13.24,1,1217005.99
1237,13.35,13.63,13.21,13.54,13.34,1,1519580.25
1238,13.5,13.51,13.37,13.37,13.54,1,964067.63
1239,13.28,13.53,13.25,13.34,13.37,1,1165821.91
1240,13.47,13.62,13.43,13.59,13.34,1,1445096.16
1241,13.66,14.15,13.48,14.04,13.59,1,2445663.25
1242,13.82,13.85,13.62,13.76,14.04,1,1440203.13
1243,13.82,13.96,13.65,13.9,13.76,1,1352510.68
1244,13.8,13.9,13.62,13.7,13.9,1,988678.37
1245,13.67,14.02,13.62,13.95,13.7,1,1587710.35
1246,13.97,14.66,13.97,14.13,13.95,1,2603307.89
1247,14.21,14.5,14.15,14.38,14.13,1,1596811.7
1248,14.4,14.46,14.14,14.18,14.38,1,837261.75
1249,14.1,14.51,14.06,14.47,14.18,1,1103215.82
1250,14.6,15.35,14.55,15.19,14.47,1,3268027.8
1251,15.2,15.3,14.91,15.15,15.19,1,1350261.07
1252,15.11,15.35,14.96,15.1,15.15,1,1420928.11
1253,15.01,15.14,14.53,14.59,15.1,1,1333801.62
1254,14.71,14.71,14.32,14.45,14.59,1,1234517.33
1255,14.5,14.71,14.41,14.46,14.45,1,919448.86
1256,14.56,14.69,14.46,14.6,14.46,1,748320.22
1257,14.6,14.61,14.28,14.37,14.6,1,734117.72
1258,14.4,14.46,14.11,14.46,14.37,1,626666.77
1259,14.26,15.18,14.26,15.13,14.46,1,2410400.02
1260,15.3,15.68,14.99,15.08,15.13,1,1797129.54
1261,14.96,15.23,14.88,15.14,15.08,1,813642.58
1262,15.01,15.53,15.01,15.32,15.14,-1,1679382.97
1263,15.32,15.33,14.84,14.9,15.32,1,1279841.59
1264,14.73,15.06,14.6,14.96,14.9,1,909889.99
1265,14.88,15.24,14.83,14.94,14.96,1,1031376.81
1266,15,15.43,15,15.43,14.94,1,1407601.66
1267,15.26,15.56,15.13,15.21,15.43,1,1013572.47
1268,15.32,15.48,15.2,15.34,15.21,1,957092.39
1269,15.18,15.3,14.82,15.01,15.34,1,954236.25
1270,15.01,15.3,14.92,15.3,15.01,1,680251.05
1271,15.2,15.48,15.15,15.35,15.3,1,657132.67
1272,15.32,15.54,15.21,15.44,15.35,1,722414.75
1273,15.54,15.72,15.4,15.57,15.44,1,988215.63
1274,15.62,16.09,15.52,16.07,15.57,1,1373193.3
1275,16,16.05,15.71,15.86,16.07,1,896161.65
1276,15.67,15.84,15.39,15.57,15.86,1,867756.31
1277,15.59,15.83,15.51,15.63,15.57,1,599200.47
1278,15.59,15.61,15.12,15.12,15.63,1,1061011.24
1279,15.2,15.31,15.11,15.19,15.12,1,614087
1280,15.19,15.37,14.98,15.31,15.19,1,612711.11
1281,15.39,15.41,14.76,14.8,15.31,-1,1182374.4
1282,14.8,15.27,14.8,15.17,14.8,1,1217064.82
1283,15.3,15.55,15.13,15.18,15.17,1,900425.93
1284,15.22,16.05,15.21,15.9,15.18,1,1591347.15
1285,15.9,16.11,15.77,16.06,15.9,1,908819.48
1286,16.04,16.12,15.8,16.03,16.06,1,662562.36
1287,16.2,16.92,16.15,16.56,16.03,1,1600062.32
1288,16.56,17.37,16.54,17.1,16.56,1,2095614.19
1289,17.3,18.1,17.3,17.48,17.1,1,2016105.52
1290,17.48,17.6,17.25,17.54,17.48,1,960071.95
1291,17.64,18,17.33,17.91,17.54,1,1244560.18
1292,17.94,18.5,17.3,17.56,17.91,1,1890519.05
1293,17.53,18.78,17.53,18.13,17.56,1,1698501.68
1294,18.2,18.29,17.45,17.7,18.13,1,1175598.65
1295,18,18,17.5,17.76,17.7,1,1034865.04
1296,17.76,17.9,17.29,17.63,17.76,1,1205823.86
1297,17.54,17.93,17.35,17.77,17.63,1,846603.62
1298,17.74,18.36,17.6,17.75,17.77,1,1007803.83
1299,17.65,18.05,17.33,17.63,17.75,1,968452.77
1300,17.71,18.34,17.7,17.96,17.63,1,957868.63
1301,18.35,18.48,17.96,18.32,17.96,1,1247636.4
1302,18.37,18.5,17.54,17.7,18.32,1,1429469.44
1303,17.71,17.75,17.22,17.64,17.7,1,848781.53
1304,17.67,18,17.54,17.84,17.64,1,951424.32
1305,18,18.5,17.93,18.11,17.84,1,1021062.81
1306,18.2,18.3,17.6,17.81,18.11,1,940130.07
1307,17.81,17.94,17.45,17.66,17.81,1,677258.48
1308,17.42,17.47,16.69,17.18,17.66,1,1289189.23
1309,17.08,17.43,16.9,17.37,17.18,1,759856.93
1310,17.38,17.93,17.25,17.83,17.37,1,852930.51
1311,17.78,18.5,17.75,18.46,17.83,1,1373400.72
1312,18.59,18.98,18.3,18.85,18.46,1,1211740.62
1313,18.83,18.99,18.52,18.86,18.85,1,673919.22
1314,18.85,19.62,18.8,19.62,18.86,1,1165858.26
1315,19.62,19.68,19.17,19.36,19.62,1,678543.23
1316,19.48,19.7,19.05,19.06,19.36,1,552585.01
1317,19.05,19.61,19.03,19.5,19.06,-1,639657.89
1318,20,20,19.38,19.7,19.5,1,753773.74
1319,19.9,20.88,19.59,19.74,19.7,1,1581441.28
1320,19.7,20.51,19.4,20.05,19.74,1,1263719.75
1321,19.93,20.06,19.52,19.63,20.05,1,889385.29
1322,19.78,19.86,19.17,19.54,19.63,1,714452.3
1323,19.47,19.47,18.97,19.3,19.54,1,891347.84
1324,19.31,19.39,18.68,18.91,19.3,1,873806.61
1325,18.92,19.03,18.53,18.71,18.91,1,719647.51
1326,18.79,19.05,18.68,18.71,18.71,1,677221.15
1327,18.73,18.88,18.45,18.65,18.71,1,607866.55
1328,18.71,18.8,18.22,18.52,18.65,1,887793.87
1329,18.6,19.06,18.5,18.88,18.52,1,835991.74
1330,18.8,18.85,18.15,18.74,18.88,1,788857.94
1331,18.8,19.1,18.58,19.01,18.74,1,689070.42
1332,18.91,19.07,18.6,18.95,19.01,1,686140.69
1333,19,19.1,18.23,18.36,18.95,1,1058756.36
1334,18.3,18.64,18.03,18.28,18.36,1,906878.11
1335,18.36,18.65,17.88,17.9,18.28,1,1028737.51
1336,17.96,18.07,17.79,18,17.9,1,750082.73
1337,18.15,18.49,18.05,18.26,18,1,632950.12
1338,18.26,18.26,17.8,18.04,18.26,1,577077.33
1339,18.02,18.86,17.96,18.85,18.04,1,1270337.06
1340,18.87,19.3,18.7,19.17,18.85,1,963092.23
1341,19,19.2,18.72,19.2,19.17,1,978497.78
1342,19.21,19.58,19.02,19.34,19.2,1,924503.43
1343,19.1,19.1,18.44,18.6,19.34,1,1554216.43
1344,18.4,18.48,17.8,18.17,18.6,1,1821352.1
1345,18.08,19.56,18,19.56,18.17,1,1934945.12
1346,19.52,19.98,19.23,19.9,19.56,1,1584185.3
1347,19.9,20.1,19.31,19.85,19.9,1,1195473.22
1348,20,20.64,20,20.38,19.85,1,1790457.14
1349,20.39,21,20.18,21,20.38,1,1288165.5
1350,21,21.01,20.4,20.7,21,1,1049119.73
1351,20.68,20.89,19.95,20.17,20.7,1,1130155.62
1352,21,21.95,20.82,21,20.17,1,2480688.98
1353,21.2,22.78,21.2,22.7,21,1,2157301.78
1354,22.51,22.84,22.05,22.34,22.7,1,1242088.34
1355,22.15,22.97,22.12,22.47,22.34,1,1280793.16
1356,22.5,22.8,22.15,22.23,22.47,1,944778.6
1357,22.23,22.23,21.51,22.03,22.23,-1,924434.42
1358,21.72,22.6,21.43,22.49,22.03,-1,1028365.27
1359,22.3,23.32,22.3,22.37,22.49,-1,1126720.55
1360,22.31,23.47,22.31,23.08,22.37,1,1294152.72
1361,22.78,23.18,22.45,22.81,23.08,1,857476.96
1362,22.81,23.54,22.71,23.09,22.81,1,1240258.41
1363,23,24.99,22.7,24.55,23.09,1,1475239.3
1364,23.38,24.1,22.91,23.28,24.55,1,2416168.77
1365,23.48,25.18,23.38,24.95,23.28,1,1923271.59
1366,24.18,25.24,24.04,24.6,24.95,1,1255247.5
1367,24.6,25.31,24.27,24.93,24.6,1,1015575.59
1368,24.9,24.9,24.1,24.8,24.93,1,1084264.67
1369,24.79,24.84,24.17,24.58,24.8,1,942093.55
1370,24.6,24.96,23.38,23.82,24.58,1,1918867.1
1371,24,24.55,23.48,24.3,23.82,-1,1505230.81
1372,23.96,24.19,23.57,23.85,24.3,1,922583.14
1373,23.8,23.8,22.26,22.38,23.85,1,1956842.48
1374,22.38,22.68,21.82,21.93,22.38,1,1870460.13
1375,22.27,22.28,21.56,22.16,21.93,1,1428499.85
1376,22.4,22.56,21.68,22.09,22.16,1,1593403.47
1377,21.6,21.96,21.21,21.38,22.09,1,1124977.3
1378,21.54,21.68,21.18,21.45,21.38,1,1125386.53
1379,21.62,22.15,21.26,21.65,21.45,1,1473425.05
1380,21.58,23.08,21.46,23.01,21.65,1,1919635.27
1381,22.77,23.49,22.65,22.92,23.01,1,1213579.37
1382,22.7,22.98,21.86,22.34,22.92,1,880171.41
1383,22.44,22.69,21.48,21.6,22.34,1,993773.97
1384,21.68,21.92,20.58,20.85,21.6,1,1361895.33
1385,20.84,20.91,20.28,20.4,20.85,1,1149416.57
1386,20.58,21.38,20.56,21.27,20.4,1,1048659.39
1387,21.37,21.7,21.2,21.48,21.27,1,697200.6
1388,21.4,22.12,21.11,21.6,21.48,1,958748.7
1389,21.6,22.11,21.27,21.66,21.6,1,939684.32
1390,21.45,21.55,20.9,21.2,21.66,-1,821488.65
1391,21.3,21.73,21,21.73,21.2,1,691610.19
1392,21.53,21.65,20.37,20.47,21.73,1,1525622.27
1393,20.55,21.55,20.53,21.55,20.47,1,1451190.08
1394,21.57,21.65,20.96,21.23,21.55,1,682903.38
1395,21.21,21.28,20.45,20.53,21.23,1,850085.07
1396,20.58,20.83,20.4,20.75,20.53,1,492665.74
1397,20.84,21.4,20.76,21.14,20.75,1,822108.06
1398,21.28,21.65,21.2,21.49,21.14,1,785666.68
1399,21.38,21.93,21.21,21.93,21.49,1,738654.81
1400,21.77,22.07,21.6,22.01,21.93,1,777028.07
1401,22.08,22.11,21.5,21.78,22.01,1,544448.98
1402,21.7,21.73,21.36,21.5,21.78,1,581083.52
1403,21.55,22.09,21.51,21.68,21.5,1,401102.82
1404,21.88,21.93,21.31,21.64,21.68,1,517604.59
1405,21.46,21.73,21.33,21.56,21.64,1,383029.5
1406,21.71,21.72,21.08,21.3,21.56,1,398960.28
1407,21.51,21.51,20.63,20.7,21.3,1,594743.14
1408,20.72,20.88,20.59,20.78,20.7,1,499904.18
1409,20.79,20.94,20.42,20.67,20.78,1,537438.49
1410,20.76,20.77,20.08,20.36,20.67,1,735865.05
1411,20.36,20.43,19.81,20.26,20.36,1,729998.26
1412,20.03,21.24,19.91,21.15,20.26,1,1112282.62
1413,21.08,21.95,20.92,21.69,21.15,1,834772.72
1414,22.3,23.19,22.29,23.01,21.69,1,1597099.65
1415,23.19,23.23,22.78,22.98,23.01,1,829693.88
1416,23.32,23.65,23.07,23.29,22.98,1,823230.15
1417,23.87,24.23,22.9,22.94,23.29,-1,872417.67
1418,22.95,23.19,22.86,22.94,22.94,1,470431.4
1419,23.29,23.45,22.78,23.35,22.94,1,593837.93
1420,23.34,23.71,23.11,23.59,23.35,1,614836.88
1421,23.35,23.49,23.01,23.29,23.59,1,561981.32
1422,23.1,23.7,23.1,23.5,23.29,1,500295.22
1423,23.67,24.3,23.39,24.05,23.5,1,802214.21
1424,24,24.04,23.02,23.86,24.05,-1,661438.9
1425,23.62,23.75,23.06,23.53,23.86,1,497223.45
1426,23.29,23.64,22.88,23.55,23.53,1,533265.26
1427,23.52,23.59,22.84,23.07,23.55,1,549652.5
1428,23.14,23.43,22.6,23.32,22.89,1,563785.36
1429,23.15,23.82,22.95,23.6,23.32,1,527564.65
1430,23.85,24.11,23.4,23.9,23.6,1,395414.98
1431,23.82,24.13,23.52,23.6,23.9,1,429420.33
1432,23.41,23.84,23.27,23.82,23.6,1,405788.37
1433,23.88,24.09,23.03,23.49,23.82,1,539335.74
1434,23.48,23.6,23.19,23.48,23.49,1,343935.63
1435,23.54,24.73,23.45,24.6,23.48,1,972374.62
1436,24.64,25.12,24.5,25.01,24.6,1,919263.78
1437,24.91,25.16,24.52,24.79,25.01,-1,504091.36
1438,24.68,24.71,24.16,24.5,24.79,1,492400.73
1439,24.33,24.53,23.91,24.2,24.5,1,515350.81
1440,24.2,24.25,23.5,23.92,24.2,1,625017.96
1441,23.89,23.92,23.38,23.89,23.92,1,497527.02
1442,23.72,24.14,23.68,23.77,23.89,1,400900.85
1443,23.99,24.96,23.8,24.54,23.77,1,756739.42
1444,24.48,24.48,23.93,24.3,24.54,1,447914.1
1445,24.15,24.57,23.95,24.53,24.3,1,570077.92
1446,24.43,24.88,24.18,24.65,24.53,1,453831.5
1447,24.66,25.06,24.15,24.2,24.65,1,530215.16
1448,24.31,24.35,23.12,23.37,24.2,1,834665.04
1449,23.35,23.43,22.8,23.22,23.37,1,660622.59
1450,23.22,23.4,23.01,23.26,23.22,1,378208.04
1451,23.02,23.69,23.02,23.1,23.26,1,453282.09
1452,23.13,23.28,22.39,22.65,23.1,1,694099.3
1453,22.6,22.67,22.01,22.16,22.65,1,718272.74
1454,22.38,23.09,22.25,22.97,22.16,1,757751.41
1455,22.85,23.41,22.72,23.14,22.97,1,447907.78
1456,23.03,23.12,22.68,23.08,23.14,1,390283.49
1457,23.08,23.6,23.06,23.36,23.08,1,559972.95
1458,23.36,23.39,22.48,22.78,23.36,1,626257.37
1459,22.58,22.79,22,22.34,22.78,1,1049749.39
1460,22.36,22.93,22.35,22.62,22.34,1,403435.46
1461,22.81,23.5,22.52,23.2,22.62,1,664833.3
1462,22.72,22.74,21.76,21.81,23.2,1,1070677.56
1463,21.69,22.15,21.09,22.06,21.81,1,859341.29
1464,22.08,23,21.85,22.78,22.06,-1,791957.26
1465,22.68,23.05,22.5,22.55,22.78,1,468944.87
1466,22.78,22.78,21.2,21.51,22.55,1,1457059.47
1467,21.3,21.63,21.02,21.27,21.51,1,762364.74
1468,21.5,21.5,20.89,21.16,21.27,1,877901.02
1469,21.15,21.34,20.54,21.12,21.16,1,657613.95
1470,21,21,20.41,20.76,21.12,1,847950.55
1471,20.72,21.72,20.63,21.62,20.76,1,956003.05
1472,21.41,21.82,21.3,21.34,21.62,1,573002.61
1473,21.36,21.43,20.78,21.21,21.34,1,522135.95
1474,21.1,21.2,20.47,20.6,21.21,1,804034.33
1475,20.58,20.8,20.2,20.45,20.6,1,753076.52
1476,20.45,20.66,20.24,20.38,20.45,1,868648.09
1477,20.38,20.38,20,20.1,20.38,1,727404.33
1478,19.96,19.99,18.43,18.8,20.1,1,1451303.94
1479,18.87,18.99,17.6,17.76,18.8,1,1357551.48
1480,17.85,18.07,17.68,17.75,17.76,-1,1062994.21
1481,17.91,18.24,17.78,17.96,17.75,1,872378.12
1482,17.92,18.05,17.24,17.69,17.96,1,950155.88
1483,17.64,18.14,17.18,18.01,17.69,1,1159922.63
1484,17.99,18.15,17.66,17.89,18.01,1,896948.57
1485,18.04,18.07,17.6,17.81,17.89,1,729620.08
1486,17.7,18.05,17.58,17.68,17.81,1,621573.88
1487,17.55,17.9,17.45,17.86,17.68,1,567454.13
1488,17.91,19.25,17.84,19.06,17.86,1,1752798
1489,19.09,19.98,18.9,19.73,19.06,1,1301988.44
1490,19.99,20.58,19.7,19.81,19.73,1,1048308.44
1491,19.79,20.3,19.63,19.89,19.81,1,666458
1492,19.78,19.92,19.5,19.89,19.89,1,562885.02
1493,20.09,20.2,19.57,19.95,19.89,1,627050.22
1494,19.85,20.22,19.61,19.67,19.95,1,476021.94
1495,19.67,21.2,19.55,20.62,19.67,1,1332732.16
1496,20.48,20.62,20.02,20.34,20.62,1,649975.61
1497,19.97,20.07,18.7,19.42,20.34,1,1614627.93
1498,19.5,20.05,19.11,19.3,19.42,1,1191849.35
1499,19.35,19.97,19.21,19.36,19.3,1,868953.3
1500,19.42,19.47,18.95,19.16,19.36,1,698083.97
1501,19.2,19.26,18.41,18.46,19.16,1,951619
1502,18.56,18.88,18.31,18.39,18.46,1,728820.23
1503,18.21,18.29,17.55,17.72,18.39,1,1252211.01
1504,17.72,17.93,17.31,17.8,17.72,1,1174867.86
1505,17.48,17.92,17.01,17.88,17.8,1,2316894.09
1506,18,18.78,17.8,18.4,17.88,1,2422603.54
1507,18.5,18.5,17.7,18.04,18.4,1,1394818.71
1508,17.93,18.6,17.78,18.45,18.04,1,1515225.56
1509,18.6,19.56,18.35,19.24,18.45,1,1622344.16
1510,19.24,19.55,19.1,19.23,19.24,1,1026201.05
1511,19.11,19.15,18.8,19,19.23,1,739505.85
1512,18.89,20.77,18.84,20.57,19,1,2314945.28
1513,20.36,20.51,19.81,20.21,20.57,1,1297228.02
1514,20.18,20.27,19.27,19.37,20.21,1,1158173.15
1515,19.31,20.99,19.19,19.52,19.37,1,841618.41
1516,19.3,19.5,18.73,19.08,19.52,1,1176953.56
1517,18.9,19,18.41,18.53,19.08,1,1124879.63
1518,17.87,18.05,17.42,17.98,18.53,1,1473365.21
1519,18.1,18.32,17.65,17.68,17.98,1,1379837.59
1520,17.6,17.68,17.34,17.35,17.68,1,1265696.28
1521,17.21,17.68,17.06,17.57,17.35,1,1140667.59
1522,17.47,18.17,17.45,17.97,17.57,1,1293167.47
1523,17.86,18.44,17.71,18.15,17.97,1,1230121.75
1524,18.09,18.2,17.71,17.93,18.15,1,795611.05
1525,18.17,18.89,18.02,18.64,17.93,1,1159200.62
1526,19,19.74,19,19.4,18.64,1,1455338.35
1527,19.3,19.71,19.2,19.35,19.4,1,1031232.18
1528,19.3,19.91,19.17,19.58,19.35,1,807896.68
1529,19.59,19.92,18.89,19.21,19.58,1,842989.87
1530,19,19.9,19,19.66,19.21,1,993493.78
1531,19.45,19.55,19.1,19.29,19.66,1,729622.5
1532,19.15,19.68,19.15,19.57,19.29,1,682415.15
1533,19.75,19.78,19.19,19.24,19.57,1,662955.55
1534,19.52,20.06,19.25,20,19.24,1,1621661.01
1535,20.16,20.59,19.8,20.04,20,1,1134963.63
1536,19.71,20.2,19.5,20.12,20.04,1,730828.23
1537,20.06,20.45,19.86,20.05,20.12,1,652806.84
1538,20,20.17,19.59,19.92,20.05,1,687600.19
1539,19.8,19.94,19.37,19.72,19.92,1,619010.89
1540,19.63,19.74,19.32,19.5,19.72,1,539929.76
1541,19.33,19.73,19.01,19.39,19.5,1,841490.2
1542,19.37,19.49,17.99,18.18,19.39,1,1997690.5
1543,18.1,18.24,17.85,18.03,18.18,1,1114972.04
1544,18.08,18.1,17.8,17.87,18.03,1,983410.98
1545,17.85,18,17.57,17.64,17.87,1,1096039.88
1546,17.62,17.81,17.36,17.42,17.64,1,1376814.82
1547,17.48,17.65,17.26,17.53,17.42,1,1240572.75
1548,17.46,17.47,17.16,17.4,17.53,1,1220850.88
1549,17.35,18.43,17.32,18.35,17.4,1,2084729
1550,18.31,18.63,18.11,18.27,18.35,1,957546.46
1551,18.35,18.63,18.2,18.43,18.27,1,655089.99
1552,18.36,18.54,18.17,18.22,18.43,1,601110.48
1553,18.15,18.3,17.98,18.11,18.22,1,664640.38
1554,18.09,18.12,17.73,17.8,18.11,1,799843.77
1555,17.8,18.24,17.7,18.15,17.8,1,786371.56
1556,18.03,18.25,17.9,18.12,18.15,1,738617.8
1557,18.11,18.35,17.68,17.88,18.12,1,1235977.96
1558,17.77,17.95,17.66,17.87,17.88,1,741310.84
1559,17.74,17.79,17.63,17.68,17.87,1,603532.7
1560,17.62,17.67,17.52,17.58,17.68,1,694499.88
1561,17.41,17.57,17.36,17.51,17.58,1,512594.71
1562,17.54,17.68,17.35,17.44,17.51,1,733616.06
1563,17.43,17.77,17.37,17.64,17.44,1,706925.19
1564,17.62,17.81,17.37,17.59,17.64,1,994798.35
1565,17.64,17.7,17.41,17.65,17.59,1,707599.74
1566,17.85,18.56,17.8,18.1,17.65,1,2145625.28
1567,18.3,18.67,18.15,18.46,18.1,1,1616443.87
1568,18.45,18.55,18.16,18.47,18.46,1,980281.18
1569,18.49,19.06,18.37,18.7,18.47,1,1455886.68
1570,18.51,18.7,18.27,18.38,18.7,1,989255.13
1571,18.47,18.88,18.18,18.27,18.38,1,1314490.27
1572,18.16,18.17,17.52,17.58,18.27,1,1937208.9
1573,17.51,17.66,17.4,17.55,17.58,1,1294627.41
1574,17.55,17.73,17.46,17.72,17.55,1,819479.51
1575,17.7,17.75,17.57,17.57,17.72,1,602369.67
1576,17.56,17.65,17.45,17.52,17.57,1,746435.2
1577,17.49,17.71,17.48,17.59,17.52,1,893734.04
1578,17.62,17.64,17.3,17.39,17.59,1,976927.75
1579,17.4,17.43,17.21,17.32,17.39,-1,1059575.94
1580,17.33,17.35,17.21,17.31,17.32,1,488251.49
1581,17.33,17.35,17.16,17.22,17.31,1,731118.99
1582,17.22,17.33,17.09,17.17,17.22,1,1126638.91
1583,17.16,17.16,16.7,16.75,17.17,1,1469373.98
1584,16.76,16.95,16.72,16.82,16.75,1,796663.6
1585,16.86,16.9,16.4,16.48,16.82,1,1750760.89
1586,16.48,16.66,16.18,16.66,16.48,1,1169259.33
1587,16.58,17.22,16.55,17.15,16.66,1,1961998.17
1588,17.11,17.27,17,17.12,17.15,1,1107885.19
1589,17.1,17.28,17.06,17.2,17.12,1,1126630.7
1590,17.29,17.42,17.03,17.19,17.2,1,909774.01
1591,17.26,17.54,17.14,17.41,17.19,-1,1581999.4
1592,17.41,17.45,16.9,17,17.41,1,1502163.55
1593,16.91,17.24,16.82,16.98,17,-1,909422.65
1594,17,17.02,16.3,16.33,16.98,1,2103094.91
1595,16.35,16.48,16.12,16.22,16.33,1,1143689.43
1596,16.25,16.54,16.16,16.52,16.22,1,1152974.31
1597,16.54,16.69,16.36,16.5,16.52,-1,988391.85
1598,16.47,17.46,16.42,17.33,16.5,1,3031193.77
1599,17.45,17.56,17.21,17.35,17.33,1,1481682.95
1600,17.34,17.38,16.98,17.2,17.35,-1,874770.87
1601,17.08,17.08,16.81,16.85,17.2,1,1093283.97
1602,16.95,17.1,16.54,16.65,16.85,-1,984975.22
1603,16.5,16.54,16.25,16.3,16.65,1,1024643.11
1604,16.39,16.45,15.82,15.83,16.3,-1,1675563.67
1605,16.02,16.41,15.89,16.39,15.83,1,1515476.3
1606,16.3,16.97,16.26,16.83,16.39,-1,1754695.28
1607,16.92,17,16.71,16.86,16.83,1,1051161.66
1608,16.77,17.03,16.67,16.99,16.86,1,784557.35
1609,17.03,17.34,17.03,17.1,16.99,1,1078139.14
1610,17.1,17.15,16.51,16.58,17.1,1,1150658.51
1611,16.5,16.67,16.1,16.28,16.58,1,1208264.37
1612,16.35,16.53,16.21,16.41,16.28,1,782399.59
1613,16.39,16.55,16.32,16.42,16.41,1,794501.84
1614,16.32,16.77,16.31,16.77,16.42,1,802499.4
1615,16.66,16.67,16.32,16.51,16.77,-1,800994.55
1616,16.31,16.44,16.16,16.23,16.51,-1,894956.73
1617,16.3,16.31,16.04,16.19,16.23,-1,886742.44
1618,16.13,16.15,15.8,15.91,16.19,-1,1324086.85
1619,15.99,16.08,15.87,15.9,15.91,-1,726397.07
1620,15.9,15.92,15.62,15.75,15.9,1,723990.45
1621,15.79,15.95,15.62,15.92,15.75,1,935040.34
1622,15.79,15.87,15.66,15.68,15.92,1,760760.86
1623,15.73,15.81,15.63,15.71,15.68,1,578285.05
1624,15.62,15.63,15.28,15.33,15.71,1,990935.66
1625,15.17,15.17,14.66,14.72,15.33,1,1113158.99
1626,14.62,14.86,14.25,14.31,14.72,1,1003032.69
1627,14.4,14.45,13.22,13.84,14.31,1,1800760.17
1628,14.18,14.75,14.09,14.57,13.84,-1,2249158.16
1629,14.4,14.98,14.15,14.9,14.57,1,1493646.97
1630,14.63,14.93,14.45,14.49,14.9,1,1118407.34
1631,14.4,14.4,13.6,13.68,14.49,1,1781408.87
1632,13.86,14.4,13.51,14.31,13.68,-1,1531779.06
1633,14.66,14.71,14.24,14.45,14.31,1,1730061.42
1634,14.36,14.85,14.14,14.7,14.45,-1,1528807.13
1635,14.5,14.82,14.39,14.59,14.7,1,1208868.05
1636,14.59,15.22,14.5,15.18,14.59,1,1628656.58
1637,15.11,15.19,14.9,15,15.18,1,1050102.38
1638,14.92,15.31,14.81,15.2,15,1,1002359.95
1639,15.15,15.25,14.82,14.98,15.2,1,742933.35
1640,14.8,15.05,14.63,14.85,14.98,1,727136.99
1641,14.88,14.95,14.6,14.68,14.85,-1,615643.15
1642,14.86,15.27,14.76,15.21,14.68,1,1236791.55
1643,15.1,15.57,15.06,15.38,15.21,1,1163746.74
1644,15.37,15.79,15.2,15.75,15.38,-1,1484878.74
1645,15.64,16.54,15.63,16.39,15.75,1,2488540.05
1646,16.38,16.66,16.2,16.28,16.39,1,1659064.55
1647,16.26,16.45,16.13,16.4,16.28,1,1066779.46
1648,16.35,16.4,15.8,16.05,16.4,-1,1416735.36
1649,16.05,16.26,15.66,15.92,16.05,1,1039261.42
1650,15.89,16.08,15.72,15.8,15.92,1,890628.06
1651,16,16.25,15.92,16.04,15.8,1,929614.94
1652,15.9,16.53,15.86,16.42,16.04,1,1231761.03
1653,16.15,16.2,15.81,15.9,16.42,1,1086887.56
1654,15.9,15.97,15.62,15.81,15.9,1,821772.49
1655,15.81,16.05,15.7,15.85,15.81,1,716555.28
1656,15.77,15.98,15.7,15.81,15.85,1,709891.16
1657,15.64,16.19,15.4,16.06,15.81,1,921274.08
1658,15.67,15.91,14.78,14.85,16.06,1,1664480.98
1659,14.88,14.98,14.45,14.73,14.85,1,988209.56
1660,14.98,15.65,14.96,15.65,14.73,1,1490295.03
1661,15.57,15.93,15.37,15.65,15.65,1,911771.87
1662,15.69,15.74,14.97,15.32,15.65,1,1645013.08
1663,15.2,15.45,15.15,15.32,15.32,1,790196.2
1664,15.02,15.2,14.91,14.96,15.32,1,832431.82
1665,14.94,14.94,14.46,14.55,14.96,1,818621.35
1666,14.5,14.6,14.11,14.59,14.55,1,992285.02
1667,14.54,14.84,14.44,14.63,14.59,1,848573.62
1668,14.48,14.56,14.33,14.38,14.63,1,685064.23
1669,14.5,14.66,14.49,14.61,14.38,1,676311.91
1670,14.66,14.73,14.35,14.41,14.61,1,668227.82
1671,14.51,14.72,14.32,14.71,14.41,-1,931406.39
1672,14.85,14.89,14.67,14.75,14.71,1,778578.33
1673,14.55,14.7,14.5,14.62,14.75,1,590921.72
1674,14.7,15.04,14.67,15.02,14.62,1,948597.78
1675,15.07,15.07,14.76,14.83,15.02,1,647725.92
1676,14.87,14.87,14.4,14.4,14.83,1,933557.06
1677,14.43,14.49,14.3,14.39,14.4,1,603228.26
1678,14.41,14.43,14.07,14.19,14.39,1,1011317.56
1679,14.29,14.35,14.11,14.18,14.19,1,723066.74
1680,14.26,14.28,14.04,14.08,14.18,1,896901.23
1681,14.07,14.18,14,14.16,14.08,1,938868.55
1682,14.14,14.14,14,14.08,14.16,1,845298.98
1683,14.02,14.03,13.88,13.95,14.08,1,979268.22
1684,13.91,14.17,13.64,14.17,13.95,1,1710851.75
1685,14.02,14.25,13.99,14.16,14.17,1,1315112.62
1686,14.16,14.17,14.01,14.16,14.16,-1,1145521.24
1687,14.14,14.46,14.1,14.35,14.16,1,1632901.34
1688,14.26,14.33,14.13,14.32,14.35,1,1346012.31
1689,14.18,14.19,13.88,13.91,14.32,1,1547752.85
1690,13.71,14.13,13.71,14.12,13.91,1,1151429.39
1691,14.1,15.11,14.06,14.74,14.12,1,3413543.71
1692,14.74,14.83,14.42,14.44,14.74,1,1332546.31
1693,14.32,14.53,14.2,14.45,14.44,-1,1053787.94
1694,14.44,14.44,14.26,14.34,14.45,1,1032166.8
1695,14.34,14.63,14.23,14.37,14.34,1,1321793.98
1696,14.36,14.36,14.08,14.08,14.37,1,1056045.92
1697,14.09,14.23,14.06,14.2,14.08,1,806028.03
1698,14.2,14.25,14.11,14.23,14.2,1,866040.61
1699,14.24,14.56,14.22,14.49,14.23,1,1497278.18
1700,14.47,14.67,14.41,14.63,14.49,1,1125110.48
1701,14.65,14.9,14.55,14.64,14.63,1,1266547.28
1702,14.63,15.02,14.55,14.98,14.64,1,1548745.01
1703,15,15.07,14.84,14.92,14.98,-1,779243.32
1704,14.95,14.98,14.75,14.94,14.92,-1,834968.07
1705,14.99,15.27,14.82,14.91,14.94,-1,1115172.1
1706,14.83,14.93,14.46,14.53,14.91,1,1043335.23
1707,14.54,14.65,14.38,14.42,14.53,1,730160.98
1708,14.5,14.65,14.37,14.54,14.42,1,639698.23
1709,14.5,14.57,14.36,14.46,14.54,1,611691.94
1710,14.41,14.73,14.38,14.42,14.46,1,742882.42
1711,14.42,14.47,13.89,13.97,14.42,1,2175996.06
1712,13.7,13.71,13.29,13.37,13.97,1,2632120.87
1713,13.48,13.56,13.22,13.24,13.37,1,1598637.4
1714,13.25,13.44,13.21,13.39,13.24,1,1153505.81
1715,13.34,13.43,13.28,13.42,13.39,1,755597.1
1716,13.43,13.47,13.35,13.39,13.42,-1,801458.66
1717,13.32,13.34,12.99,13.01,13.39,1,1970387.89
1718,12.84,12.93,12.62,12.81,12.78,1,1376509.74
1719,12.8,12.85,12.67,12.82,12.81,1,763955.81
1720,12.75,12.91,12.71,12.91,12.82,1,1024048.81
1721,12.85,12.88,12.73,12.79,12.91,-1,923914.08
1722,12.81,12.91,12.78,12.88,12.79,1,750346.52
1723,12.88,12.9,12.65,12.68,12.88,-1,831497.47
1724,12.66,12.66,12.4,12.42,12.68,1,1025732.71
1725,12.22,12.34,11.94,12.26,12.42,1,1373009.3
1726,12.19,12.27,12.01,12.03,12.26,1,746136.53
1727,12.1,12.17,12.02,12.16,12.03,1,602675.62
1728,12.13,12.33,11.98,12.31,12.16,-1,765297.87
1729,12.25,12.36,12.16,12.2,12.31,1,551999.69
1730,12.21,12.22,12.08,12.12,12.2,1,558447.57
1731,12.12,12.24,12.02,12.06,12.12,1,683023.21
1732,12.08,12.39,12.04,12.35,12.06,1,1399303.61
1733,12.26,12.41,12.2,12.38,12.35,1,820503.56
1734,12.29,12.36,12.09,12.11,12.38,-1,1172010
1735,12.11,12.2,12.1,12.13,12.11,1,631223.7
1736,12.15,12.42,12.07,12.4,12.13,1,1348506.58
1737,12.48,12.54,12.16,12.25,12.4,1,1269700.94
1738,12.27,12.75,12.23,12.57,12.25,1,2106417.24
1739,12.58,12.68,12.41,12.5,12.57,1,1138076.58
1740,12.45,12.49,12.28,12.34,12.5,1,921463.07
1741,12.33,12.54,12.33,12.4,12.34,1,1295375.33
1742,12.4,12.66,12.3,12.62,12.4,1,1064010.61
1743,12.68,12.75,12.46,12.61,12.62,1,927634.26
1744,12.5,12.56,12.31,12.42,12.61,1,924490.65
1745,12.43,12.54,12.28,12.48,12.42,1,799712.38
1746,12.38,12.78,12.36,12.75,12.48,1,1653041.58
1747,12.65,12.79,12.58,12.61,12.75,1,861981.95
1748,12.62,12.69,12.43,12.51,12.61,1,786362.81
1749,12.46,12.6,12.37,12.57,12.51,1,632039.98
1750,12.58,12.66,12.43,12.5,12.57,1,731294.99
1751,12.42,12.42,12.28,12.33,12.5,-1,979812.81
1752,12.32,12.44,12.3,12.36,12.33,1,621116.92
1753,12.4,12.74,12.36,12.72,12.36,1,1951297.31
1754,12.88,13.02,12.66,12.95,12.72,1,1722689.89
1755,12.75,12.87,12.7,12.73,12.95,-1,858035.84
1756,12.8,13.1,12.77,13,12.73,1,1841017.88
1757,12.92,12.95,12.56,12.56,13,1,1357447.81
1758,12.54,12.67,12.48,12.57,12.56,1,632121.04
1759,12.61,12.63,12.32,12.34,12.57,1,889988.53
1760,12.31,12.48,12.2,12.43,12.34,1,684197.39
1761,12.33,12.36,12.25,12.29,12.43,1,586133.38
1762,12.24,12.43,12.23,12.29,12.29,1,586441.06
1763,12.16,12.28,11.99,12,12.29,1,903729.04
1764,12,12.16,11.81,12.15,12,1,789622.29
1765,12.09,12.25,11.92,12.11,12.15,1,780925.58
1766,12.25,12.28,11.82,11.86,12.11,-1,917718.04
1767,11.87,11.96,11.83,11.84,11.86,1,537230.19
1768,11.7,11.77,11.46,11.47,11.84,1,966080.18
1769,11.54,11.58,11.41,11.48,11.47,-1,415253.37
1770,11.45,11.62,11.35,11.6,11.48,1,559572.43
1771,11.51,11.54,11.31,11.34,11.6,1,852615.97
1772,11.45,11.63,11.4,11.53,11.34,1,1096061.58
1773,11.42,11.52,11.34,11.48,11.53,-1,1024822.71
1774,11.55,11.64,11.46,11.48,11.48,1,946837.09
1775,11.42,11.49,11.28,11.29,11.48,1,923989.68
1776,11.23,11.31,11.16,11.2,11.29,-1,781923.23
1777,11.21,11.25,11.07,11.09,11.2,1,785574.29
1778,11.09,11.1,10.61,10.62,11.09,1,1383390.65
1779,10.7,10.81,10.6,10.65,10.62,1,1316979.4
1780,10.64,10.73,10.61,10.66,10.65,1,1143829.88
1781,10.7,10.77,10.66,10.68,10.66,1,957383.46
1782,10.63,10.7,10.41,10.42,10.68,-1,1057947.01
1783,10.33,10.45,10.22,10.34,10.42,-1,983095.69
1784,10.38,10.68,10.36,10.67,10.34,1,1381234.13
1785,10.61,10.68,10.48,10.63,10.67,1,1302988.18
1786,10.54,10.57,10.38,10.44,10.63,-1,983535.61
1787,10.4,10.85,10.39,10.82,10.44,1,1776112.23
1788,10.81,10.91,10.73,10.88,10.82,1,988082.04
1789,10.89,10.92,10.78,10.85,10.88,-1,583222.05
1790,10.84,11.08,10.82,10.89,10.85,1,832106.85
1791,10.79,10.9,10.69,10.87,10.89,1,552021.19
1792,11.13,11.66,11.01,11.43,10.87,1,2545070.55
1793,11.7,12.28,11.7,11.95,11.43,1,3872084.1
1794,11.86,12.18,11.83,12.01,11.95,1,1573901.34
1795,11.97,12.05,11.79,11.82,12.01,1,1278692.88
1796,11.81,11.84,11.58,11.69,11.82,1,1091047.16
1797,11.74,11.78,11.57,11.59,11.69,1,868093.29
1798,11.48,11.5,11.22,11.46,11.59,-1,1047737.07
1799,11.46,11.93,11.44,11.82,11.46,1,1491323.88
1800,11.78,12.05,11.72,11.82,11.82,1,1247656.53
1801,11.92,11.99,11.69,11.77,11.82,1,796718.82
1802,11.79,12.23,11.77,12.17,11.77,1,1760728.17
1803,11.9,11.92,11.69,11.81,12.17,1,1331562.95
1804,12.16,12.99,12.13,12.99,11.81,1,4749276.5
1805,12.9,13.34,12.82,13.03,12.99,1,3209628.3
1806,13.38,13.66,13.07,13.1,13.03,1,2002688.83
1807,13.14,13.15,12.69,12.9,13.1,1,1404202.78
1808,13.09,13.57,13.01,13.53,12.9,1,2287627.42
1809,13.34,13.66,13.25,13.43,13.53,1,1252578.91
1810,13.33,13.37,13.03,13.15,13.43,1,1377376.9
1811,13.15,13.52,13.12,13.36,13.15,-1,1065722.8
1812,13.4,13.75,13.35,13.7,13.36,1,1615831.92
1813,13.58,13.58,13.06,13.11,13.7,1,1392584.28
1814,13.15,13.36,13.14,13.24,13.11,1,902285.13
1815,13.23,13.4,13.08,13.23,13.24,1,974061.1
1816,13.14,13.28,12.94,13.1,13.23,1,835349.26
1817,13.02,13.4,13.02,13.34,13.1,1,924251.67
1818,13.33,13.47,12.95,13.04,13.34,1,1030866.06
1819,12.97,13.08,12.67,12.76,13.04,1,896212.23
1820,12.85,12.99,12.74,12.89,12.76,1,614589.64
1821,13,13.15,12.9,12.95,12.89,1,672394.3
1822,12.85,13.06,12.8,12.98,12.95,1,564426.41
1823,12.99,13.04,12.71,12.77,12.98,1,797119.87
1824,12.87,13.22,12.87,13.11,12.77,1,886004.12
1825,13.16,13.38,13,13.14,13.11,1,791191.98
1826,13.07,13.13,12.85,13.03,13.14,1,666890.09
1827,13.04,13.28,12.96,13.16,13.03,-1,818035.98
1828,13.2,13.85,13.05,13.77,13.16,-1,2194127.94
1829,13.71,14.42,13.63,14.32,13.77,1,2189682.53
1830,14.4,14.74,14.37,14.48,14.32,1,1665425.18
1831,14.5,14.72,14.48,14.62,14.48,1,1195744.71
1832,14.75,14.88,14.52,14.8,14.62,1,1057659.11
1833,14.76,14.89,14.39,14.44,14.8,1,1269423.39
1834,14.45,14.78,14.39,14.67,14.44,1,830566.12
1835,14.77,14.77,14.53,14.67,14.67,-1,625694.84
1836,14.67,14.95,14.55,14.95,14.67,1,949085.83
1837,14.95,15.28,14.85,15.08,14.95,1,1560039.89
1838,15.13,15.18,14.77,14.97,15.08,1,935834.54
1839,14.95,15.18,14.91,15.11,14.97,-1,718434.03
1840,15.13,15.25,14.87,15.09,15.11,1,641875.2
1841,15.16,15.24,15,15.13,15.09,1,608590.08
1842,15.6,15.74,14.89,15.15,15.13,1,1374317.5
1843,15.24,15.51,14.96,14.99,15.15,-1,1030497.84
1844,15.03,15.08,14.51,14.7,14.99,1,1653421.48
1845,14.74,14.78,14.27,14.6,14.7,1,1577900.39
1846,14.45,14.55,14.16,14.32,14.6,1,1246382.98
1847,14.1,14.13,13.86,14,14.32,1,1317610.1
1848,14.06,14.32,14.03,14.21,14,1,869460.46
1849,14.24,14.32,14.03,14.04,14.21,1,657892.57
1850,14.01,14.3,13.96,14.13,14.04,1,830350.02
1851,14.1,14.12,13.86,13.98,14.13,1,847283.66
1852,13.94,13.94,13.6,13.82,13.98,1,1800054.16
1853,13.85,13.98,13.8,13.96,13.82,1,909937.09
1854,13.95,13.96,13.62,13.67,13.96,1,1250243.98
1855,13.68,13.91,13.5,13.6,13.67,1,1279123.29
1856,13.63,13.72,13.43,13.43,13.6,1,918363.69
1857,13.5,14.15,13.49,14.15,13.43,1,2116191.17
1858,14.06,14.2,13.92,14.1,14.15,1,990494.99
1859,14,14.12,13.94,14.02,14.1,1,638922.39
1860,14,14.32,13.98,14.05,14.02,1,824490.68
1861,14.02,14.03,13.8,13.86,14.05,1,729989.04
1862,13.75,13.88,13.68,13.69,13.86,1,621461.93
